{"DocumentId": "s3://ubc-scraped-courses/APSC/100.txt", "Attributes": {"_category": "APSC", "courseNumber": "100", "ubcURI": "https://courses.students.ubc.ca/cs/courseschedule?pname=subjarea&tname=subj-course&dept=APSC&course=100", "description": "An introduction to the engineering profession including: roles and responsibilities of the engineer, the engineering disciplines, sustainability, an introduction to the engineering design process, introduction and application of the relevant foundational scientific principles, prototyping, engineering graphics, technical communication, and engineering ethics.", "credit": "3", "mode_of_delivery": "In-Person", "requires_in_person_attendance": "Yes", "instructor": "TBA"}, "Title": "APSC100"}