{"DocumentId": "s3://ubc-scraped-courses/APSC/101.txt", "Attributes": {"_category": "APSC", "courseNumber": "101", "ubcURI": "https://courses.students.ubc.ca/cs/courseschedule?pname=subjarea&tname=subj-course&dept=APSC&course=101", "description": "An introduction to the engineering profession including: the engineering design process, sustainability, prototype testing, introduction and application of the relevant foundational scientific principles, team functioning, engineering graphics, and technical communication.", "prereq": "Pre-reqs: APSC 100.", "credit": "3", "mode_of_delivery": "In-Person", "requires_in_person_attendance": "Yes", "instructor": "TBA"}, "Title": "APSC101"}