{"DocumentId": "s3://ubc-scraped-courses/APSC/107.txt", "Attributes": {"_category": "APSC", "courseNumber": "107", "ubcURI": "https://courses.students.ubc.ca/cs/courseschedule?pname=subjarea&tname=subj-course&dept=APSC&course=107", "description": "An introduction to Engineering Co-op including: completion of preemployment workshops, career skills toolkits, networking opportunities, interview training, individual coaching sessions, and job search skills. Restricted to students meeting the requirements of the Faculty of Applied Science Co-operative Education Program.", "credit": "0", "mode_of_delivery": "In-Person", "requires_in_person_attendance": "Yes", "instructor": "TBA"}, "Title": "APSC107"}