{"DocumentId": "s3://ubc-scraped-courses/APSC/172.txt", "Attributes": {"_category": "APSC", "courseNumber": "172", "ubcURI": "https://courses.students.ubc.ca/cs/courseschedule?pname=subjarea&tname=subj-course&dept=APSC&course=172", "description": "Functions, limits, differentiation, applications of derivatives, integration, applications of definite integrals.", "credit": "n/a", "mode_of_delivery": "In-Person", "requires_in_person_attendance": "Yes", "date_buildings": "Term: 1, Days: Thu, Start Time: 10:00, End Time: 11:00, Building: Orchard, Room: Commons\n", "instructor": "TBA"}, "Title": "APSC172"}