{"DocumentId": "s3://ubc-scraped-courses/APSC/173.txt", "Attributes": {"_category": "APSC", "courseNumber": "173", "ubcURI": "https://courses.students.ubc.ca/cs/courseschedule?pname=subjarea&tname=subj-course&dept=APSC&course=173", "description": "Integrals and transcendental functions, techniques of integration, applications of integration, polar coordinates, infinite sequences and series, vectors and the geometry of space, and partial derivatives.", "prereq": "Pre-reqs: APSC 172.", "credit": "n/a", "mode_of_delivery": "In-Person", "requires_in_person_attendance": "Yes", "date_buildings": "Term: 2, Days: Fri, Start Time: 14:00, End Time: 15:00, Building: Orchard, Room: Commons\n", "instructor": "TBA"}, "Title": "APSC173"}