{"DocumentId": "s3://ubc-scraped-courses/APSC/178.txt", "Attributes": {"_category": "APSC", "courseNumber": "178", "ubcURI": "https://courses.students.ubc.ca/cs/courseschedule?pname=subjarea&tname=subj-course&dept=APSC&course=178", "description": "Coulomb's law, electric field, Gauss' law, electric potential, conductors, capacitance, electric currents, resistance, DC circuits, magnetic fields and forces, sources of magnetic fields, electromagnetic induction, mechanical waves, electromagnetic waves, light propagation, geometrical optics.", "prereq": "Pre-reqs: APSC 172.", "coreq": "Co-reqs: APSC 173.", "credit": "n/a", "mode_of_delivery": "In-Person", "requires_in_person_attendance": "Yes", "date_buildings": "Term: 2, Days: Thu, Start Time: 15:00, End Time: 17:00, Building: West, Room: Mall\n", "instructor": "TBA"}, "Title": "APSC178"}