{"DocumentId": "s3://ubc-scraped-courses/APSC/182.txt", "Attributes": {"_category": "APSC", "courseNumber": "182", "ubcURI": "https://courses.students.ubc.ca/cs/courseschedule?pname=subjarea&tname=subj-course&dept=APSC&course=182", "description": "Thermometry, states of matter and phase change, ideal and real gases, 1st law of thermodynamics, 2nd law of thermodynamics, liquids, solutions.", "credit": "n/a", "mode_of_delivery": "In-Person", "requires_in_person_attendance": "Yes", "date_buildings": "Term: 1, Days: Fri, Start Time: 11:00, End Time: 12:00, Building: Orchard, Room: Commons\n", "instructor": "PRODANOVIC, VLADAN"}, "Title": "APSC182"}