{"DocumentId": "s3://ubc-scraped-courses/APSC/183.txt", "Attributes": {"_category": "APSC", "courseNumber": "183", "ubcURI": "https://courses.students.ubc.ca/cs/courseschedule?pname=subjarea&tname=subj-course&dept=APSC&course=183", "description": "Atomic structures and bonding, solid crystals, chemical equilibrium, reactions in gas phase and in aqueous solutions, acid-base and redox reactions, kinetics of chemical reactions, thermochemistry, electrochemistry.", "credit": "n/a", "mode_of_delivery": "In-Person", "requires_in_person_attendance": "Yes", "date_buildings": "Term: 2, Days: Fri, Start Time: 11:00, End Time: 12:00, Building: Orchard, Room: Commons\n", "instructor": "TBA"}, "Title": "APSC183"}