{"DocumentId": "s3://ubc-scraped-courses/APSC/261.txt", "Attributes": {"_category": "APSC", "courseNumber": "261", "ubcURI": "https://courses.students.ubc.ca/cs/courseschedule?pname=subjarea&tname=subj-course&dept=APSC&course=261", "description": "The course deals with the influence of technology on the social, political, economic, and environmental aspects of society. The specific subject matter varies from year to year. Examples of subjects considered include, resources, energy, nuclear power, technology, the effects of technology on the family, education, agriculture, international policy and others.", "credit": "3", "mode_of_delivery": "In-Person", "requires_in_person_attendance": "Yes", "instructor": "TBA"}, "Title": "APSC261"}