{"DocumentId": "s3://ubc-scraped-courses/APSC/262.txt", "Attributes": {"_category": "APSC", "courseNumber": "262", "ubcURI": "https://courses.students.ubc.ca/cs/courseschedule?pname=subjarea&tname=subj-course&dept=APSC&course=262", "description": "The course deals with the influence of technology on the social, political, economic and environmental aspects of society. The subject matter varies from year to year and differs from APSC 261. It may be taken as a continuation of APSC 261 or taken independently. Examples of subjects considered include pollution, work place health hazards, social impact of computers, problem solving, green revolution, technology and the third world, engineering ethics and others.", "credit": "3", "mode_of_delivery": "In-Person", "requires_in_person_attendance": "Yes", "instructor": "TBA"}, "Title": "APSC262"}