{"DocumentId": "s3://ubc-scraped-courses/APSC/279.txt", "Attributes": {"_category": "APSC", "courseNumber": "279", "ubcURI": "https://courses.students.ubc.ca/cs/courseschedule?pname=subjarea&tname=subj-course&dept=APSC&course=279", "description": "Atomic bonding; crystal structures and imperfections; properties of metals, ceramics, polymers, wood, concrete and fibre composite materials; selection of materials; corrosion; mechanical testing and heat treatment.", "prereq": "Pre-reqs: APSC 278.", "coreq": "Co-reqs: (APSC 278 may be taken.)", "credit": "1", "mode_of_delivery": "In-Person", "requires_in_person_attendance": "Yes", "instructor": "TBA"}, "Title": "APSC279"}