{"DocumentId": "s3://ubc-scraped-courses/APSC/366.txt", "Attributes": {"_category": "APSC", "courseNumber": "366", "ubcURI": "https://courses.students.ubc.ca/cs/courseschedule?pname=subjarea&tname=subj-course&dept=APSC&course=366", "description": "An introduction to engineering for the non-specialist. A case-studies approach includes examples from sustainability-related technology, consumer products, structures, and energy conversion.", "credit": "3", "mode_of_delivery": "In-Person", "requires_in_person_attendance": "Yes", "date_buildings": "Term: 2, Days: Tue Thu, Start Time: 14:00, End Time: 15:30, Building: Hebb, Room: 116\n", "instructor": "D'ENTREMONT, AGNES(Coordinator)"}, "Title": "APSC366"}