{"DocumentId": "s3://ubc-scraped-courses/APSC/377.txt", "Attributes": {"_category": "APSC", "courseNumber": "377", "ubcURI": "https://courses.students.ubc.ca/cs/courseschedule?pname=subjarea&tname=subj-course&dept=APSC&course=377", "description": "The evolution and contemporary significance of nuclear weapons and arms control policy and technology from the perspective of the physical and life sciences and the social sciences and humanities.", "prereq": "Pre-reqs: (Third-year standing in B.A. or B.Sc. programs, or second-year standing in B.A.Sc. program.)", "credit": "3", "mode_of_delivery": "In-Person", "requires_in_person_attendance": "Yes", "instructor": "TBA"}, "Title": "APSC377"}