{"DocumentId": "s3://ubc-scraped-courses/APSC/383.txt", "Attributes": {"_category": "APSC", "courseNumber": "383", "ubcURI": "https://courses.students.ubc.ca/cs/courseschedule?pname=subjarea&tname=subj-course&dept=APSC&course=383", "description": "Systematic approach and use of tools for prototyping. Using software, electronics, and physical components for practical advancement of initiatives in innovation, product development market identification, and problem solving.", "credit": "3", "mode_of_delivery": "In-Person", "requires_in_person_attendance": "Yes", "date_buildings": "Term: 1, Days: Tue Thu, Start Time: 9:00, End Time: 10:30, Building: Wayne, Room: and\n", "instructor": "MILLER, DAVID"}, "Title": "APSC383"}