{"DocumentId": "s3://ubc-scraped-courses/APSC/410.txt", "Attributes": {"_category": "APSC", "courseNumber": "410", "ubcURI": "https://courses.students.ubc.ca/cs/courseschedule?pname=subjarea&tname=subj-course&dept=APSC&course=410", "description": "Supervised, technical work integrated learning experience in a public or private organization for a minimum of three months. Formal co-op assignments required. Restricted to students meeting the requirements of the Faculty of Applied Science and the Co-operative Education Program.", "credit": "6", "mode_of_delivery": "In-Person", "requires_in_person_attendance": "Yes", "instructor": "TBA"}, "Title": "APSC410"}