{"DocumentId": "s3://ubc-scraped-courses/APSC/440.txt", "Attributes": {"_category": "APSC", "courseNumber": "440", "ubcURI": "https://courses.students.ubc.ca/cs/courseschedule?pname=subjarea&tname=subj-course&dept=APSC&course=440", "description": "Management topics are presented from the perspective of technology-based industrial practice; project management, marketing and marketing planning, product development and commercialization, introduction to quality management, teamwork and effective individual participation.", "prereq": "Pre-reqs: (Fourth-year standing in Engineering.)", "credit": "3", "mode_of_delivery": "In-Person", "requires_in_person_attendance": "Yes", "date_buildings": "Term: 2, Days: Mon Wed Fri, Start Time: 11:00, End Time: 12:00, Building: West, Room: Mall\n", "instructor": "LE, LINH"}, "Title": "APSC440"}