{"DocumentId": "s3://ubc-scraped-courses/APSC/450.txt", "Attributes": {"_category": "APSC", "courseNumber": "450", "ubcURI": "https://courses.students.ubc.ca/cs/courseschedule?pname=subjarea&tname=subj-course&dept=APSC&course=450", "description": "Legislation affecting the practice of engineering; ethical principles and responsibilities. Management of engineering enterprises; labour relations, safety and environmental legislation. Restricted to engineering undergraduate students in the final year of their program.", "credit": "2", "mode_of_delivery": "Online", "requires_in_person_attendance": "No", "instructor": "TBA"}, "Title": "APSC450"}