{"DocumentId": "s3://ubc-scraped-courses/APSC/486.txt", "Attributes": {"_category": "APSC", "courseNumber": "486", "ubcURI": "https://courses.students.ubc.ca/cs/courseschedule?pname=subjarea&tname=subj-course&dept=APSC&course=486", "description": "Teams comprising students in APSC 486 and COMM 486 create a business plan and a prototype or engineering solution of a novel product, process, or process component.", "credit": "6", "mode_of_delivery": "In-Person", "requires_in_person_attendance": "Yes", "date_buildings": "Term: 2, Days: Tue, Start Time: 18:00, End Time: 21:00, Building: Henry, Room: Angus\n", "instructor": "MILLER, DAVID"}, "Title": "APSC486"}