{"DocumentId": "s3://ubc-scraped-courses/APSC/496A.txt", "Attributes": {"_category": "APSC", "courseNumber": "496A", "ubcURI": "https://courses.students.ubc.ca/cs/courseschedule?pname=subjarea&tname=subj-course&dept=APSC&course=496A", "description": "Interdisciplinary Engineering Design Project - INTER ENG PRJECT", "credit": "3", "mode_of_delivery": "In-Person", "requires_in_person_attendance": "Yes", "date_buildings": "Term: 2, Days: Thu, Start Time: 16:00, End Time: 17:00, Building: School, Room: of\n", "instructor": "HODGSON, ANTONY"}, "Title": "APSC496A"}