{"DocumentId": "s3://ubc-scraped-courses/APSC/496E.txt", "Attributes": {"_category": "APSC", "courseNumber": "496E", "ubcURI": "https://courses.students.ubc.ca/cs/courseschedule?pname=subjarea&tname=subj-course&dept=APSC&course=496E", "description": "Interdisciplinary Engineering Design Project - INTER ENG PRJECT", "credit": "4", "mode_of_delivery": "In-Person", "requires_in_person_attendance": "Yes", "date_buildings": "Term: 2, Days: Tue, Start Time: 18:00, End Time: 21:00, Building: Henry, Room: Angus\n", "instructor": "MILLER, DAVID"}, "Title": "APSC496E"}