{"DocumentId": "s3://ubc-scraped-courses/APSC/521.txt", "Attributes": {"_category": "APSC", "courseNumber": "521", "ubcURI": "https://courses.students.ubc.ca/cs/courseschedule?pname=subjarea&tname=subj-course&dept=APSC&course=521", "description": "Supervised, technical paid work experience with a public or private organization for a minimum of 12 weeks full-time. Co-op assignment(s) required. Restricted to graduate degree students meeting requirement(s) of the Faculty of Applied Science and the Co-operative Education program.", "credit": "6", "mode_of_delivery": "In-Person", "requires_in_person_attendance": "Yes", "instructor": "TBA"}, "Title": "APSC521"}