{"DocumentId": "s3://ubc-scraped-courses/APSC/540.txt", "Attributes": {"_category": "APSC", "courseNumber": "540", "ubcURI": "https://courses.students.ubc.ca/cs/courseschedule?pname=subjarea&tname=subj-course&dept=APSC&course=540", "description": "Issues and case studies in creating and running ventures, with a particular emphasis on exploring applied science projects through a new venture lens, strategic planning, finance and risk.", "credit": "3", "mode_of_delivery": "In-Person", "requires_in_person_attendance": "Yes", "date_buildings": "Term: 1, Days: Tue Thu, Start Time: 12:30, End Time: 14:00, Building: Food,, Room: Nutrition\n", "instructor": "ETMANNSKI, TAMARA"}, "Title": "APSC540"}