{"DocumentId": "s3://ubc-scraped-courses/APSC/541.txt", "Attributes": {"_category": "APSC", "courseNumber": "541", "ubcURI": "https://courses.students.ubc.ca/cs/courseschedule?pname=subjarea&tname=subj-course&dept=APSC&course=541", "description": "A broad introduction to the entrepreneurial process, for engineers who would like to form or grow a technology company, and those with a general interest in the field. Key factors of new venture creation are identified and evaluated.", "credit": "3", "mode_of_delivery": "In-Person", "requires_in_person_attendance": "Yes", "date_buildings": "Term: 2, Days: Wed, Start Time: 18:00, End Time: 21:30, Building: David, Room: Lam\n", "instructor": "COOPE, ROBIN"}, "Title": "APSC541"}