{"DocumentId": "s3://ubc-scraped-courses/ACAM/250.txt", "Attributes": {"_category": "ACAM", "courseNumber": "250", "ubcURI": "https://courses.students.ubc.ca/cs/courseschedule?pname=subjarea&tname=subj-course&dept=ACAM&course=250", "description": "Popular culture's role in the production of Asian Canadian and diasporic communities, with emphasis on race, gender, sexuality, and other identity categories.", "credit": "3", "mode_of_delivery": "Hybrid", "requires_in_person_attendance": "Yes", "date_buildings": "Term: 1, Days: Mon, Start Time: 14:30, End Time: 16:30, Building: Buchanan, Room: D218\n", "instructor": "ZUO, MILA"}, "Title": "ACAM250"}