{"DocumentId": "s3://ubc-scraped-courses/ACAM/300.txt", "Attributes": {"_category": "ACAM", "courseNumber": "300", "ubcURI": "https://courses.students.ubc.ca/cs/courseschedule?pname=subjarea&tname=subj-course&dept=ACAM&course=300", "description": "The histories, cultures, social dynamics, and life experiences of Asian communities in Canada in the context of global migrations. Restricted to students with second year status or higher.", "credit": "3", "mode_of_delivery": "In-Person", "requires_in_person_attendance": "Yes", "date_buildings": "Term: 1, Days: Tue Thu\n", "instructor": "ISHIGURO, LAURA"}, "Title": "ACAM300"}