{"DocumentId": "s3://ubc-scraped-courses/ACAM/320B.txt", "Attributes": {"_category": "ACAM", "courseNumber": "320B", "ubcURI": "https://courses.students.ubc.ca/cs/courseschedule?pname=subjarea&tname=subj-course&dept=ACAM&course=320B", "description": "Selected Asian Canadian Asian Migration topics. Consult acam.arts.ubc.ca for this year's offerings.", "prereq": "Pre-reqs: (Restricted to students with at least Second year standing; a previous course in Asian Canadian and Asian Migration Studies is recommended.)", "credit": "3", "mode_of_delivery": "Multi-access", "requires_in_person_attendance": "No", "date_buildings": "Term: 2, Days: Mon Wed, Start Time: 12:30, End Time: 14:00, Building: Buchanan, Room: D222\n", "instructor": "CHEUNG, BENJAMIN"}, "Title": "ACAM320B"}