{"DocumentId": "s3://ubc-scraped-courses/ACAM/350.txt", "Attributes": {"_category": "ACAM", "courseNumber": "350", "ubcURI": "https://courses.students.ubc.ca/cs/courseschedule?pname=subjarea&tname=subj-course&dept=ACAM&course=350", "description": "Digital media production in the context of community engagement. Includes critical media literacy, community-based research ethics, project design, training in media forms such audio, video, photography, and web publishing.", "credit": "3", "mode_of_delivery": "In-Person", "requires_in_person_attendance": "Yes", "date_buildings": "Term: 1, Days: Tue, Start Time: 16:00, End Time: 19:00\n", "instructor": "TBA"}, "Title": "ACAM350"}