{"DocumentId": "s3://ubc-scraped-courses/ACAM/447.txt", "Attributes": {"_category": "ACAM", "courseNumber": "447", "ubcURI": "https://courses.students.ubc.ca/cs/courseschedule?pname=subjarea&tname=subj-course&dept=ACAM&course=447", "description": "General reading and/or a research undertaking within the scope of Asian Canadian and Asian Migration.", "prereq": "Pre-reqs: (Permission of the Chair of the ACAM program.)", "credit": "3", "mode_of_delivery": "In-Person", "requires_in_person_attendance": "Yes", "date_buildings": "Term: 2, Days: Mon, Start Time: 8:30, End Time: 10:00\n", "instructor": "TBA"}, "Title": "ACAM447"}