{"name":"GetGraduationDatesIntent","identifier":"GRC63QPRXO","description":"This intent will provide the graduation dates for the current UBC academic session.","parentIntentSignature":null,"sampleUtterances":[{"utterance":"When are UBC graduation dates?"},{"utterance":"graduation dates"},{"utterance":"UBC graduation dates"},{"utterance":"What days are graduation for UBC?"},{"utterance":"When is the graduation ceremony?"},{"utterance":"Graduation ceremony"},{"utterance":"Seats for graduation"},{"utterance":"What is happening for graduation"},{"utterance":"grad dates"}],"intentConfirmationSetting":null,"intentClosingSetting":null,"initialResponseSetting":{"initialResponse":null,"codeHook":null,"conditional":null,"nextStep":{"sessionAttributes":null,"dialogAction":{"type":"FulfillIntent","slotToElicit":null,"suppressNextMessage":null},"intent":{"name":null,"slots":null}}},"inputContexts":null,"outputContexts":null,"kendraConfiguration":null,"dialogCodeHook":null,"fulfillmentCodeHook":{"isActive":true,"fulfillmentUpdatesSpecification":null,"postFulfillmentStatusSpecification":{"failureResponse":null,"failureNextStep":{"sessionAttributes":null,"dialogAction":{"type":"EndConversation","slotToElicit":null,"suppressNextMessage":null},"intent":{"name":null,"slots":null}},"successNextStep":{"sessionAttributes":null,"dialogAction":{"type":"EndConversation","slotToElicit":null,"suppressNextMessage":null},"intent":{"name":null,"slots":null}},"successResponse":{"allowInterrupt":true,"messageGroupsList":[{"message":{"imageResponseCard":null,"ssmlMessage":null,"customPayload":null,"plainTextMessage":{"value":"UBC graduation dates for this academic session can be found here: https://graduation.ubc.ca/schedule/"}},"variations":null}]},"timeoutResponse":null,"timeoutNextStep":{"sessionAttributes":null,"dialogAction":{"type":"EndConversation","slotToElicit":null,"suppressNextMessage":null},"intent":{"name":null,"slots":null}}},"enabled":false},"slotPriorities":[]}