{"name":"GetAcademicDatesIntent","identifier":"L1XITQYZOB","description":"This intent will return important dates and deadlines for the current UBC academic session.","parentIntentSignature":null,"sampleUtterances":[{"utterance":"When do courses start?"},{"utterance":"What day is the last day of classes?"},{"utterance":"What day is the first day of classes?"},{"utterance":"When can I drop a course without a W?"},{"utterance":"When do exams start?"},{"utterance":"When do exams end?"},{"utterance":"When is the add/drop deadline?"},{"utterance":"Last day of classes"},{"utterance":"Exam end date"},{"utterance":"When can I move into residence?"},{"utterance":"Residence move out date"}],"intentConfirmationSetting":null,"intentClosingSetting":null,"initialResponseSetting":{"codeHook":{"isActive":true,"enableCodeHookInvocation":true,"postCodeHookSpecification":{"failureResponse":null,"failureNextStep":{"intent":{"name":null,"slots":null},"dialogAction":{"type":"EndConversation","slotToElicit":null,"suppressNextMessage":null},"sessionAttributes":null},"failureConditional":null,"successConditional":null,"timeoutResponse":null,"timeoutNextStep":{"intent":{"name":null,"slots":null},"dialogAction":{"type":"EndConversation","slotToElicit":null,"suppressNextMessage":null},"sessionAttributes":null},"timeoutConditional":null,"successNextStep":{"intent":{"name":null,"slots":null},"dialogAction":{"type":"FulfillIntent","slotToElicit":null,"suppressNextMessage":null},"sessionAttributes":null},"successResponse":null},"invocationLabel":null},"conditional":null,"nextStep":{"intent":{"name":null,"slots":null},"dialogAction":{"type":"InvokeDialogCodeHook","slotToElicit":null,"suppressNextMessage":null},"sessionAttributes":null},"initialResponse":null},"inputContexts":null,"outputContexts":null,"kendraConfiguration":null,"dialogCodeHook":null,"fulfillmentCodeHook":{"isActive":true,"postFulfillmentStatusSpecification":{"failureResponse":null,"failureNextStep":{"intent":{"name":null,"slots":null},"dialogAction":{"type":"EndConversation","slotToElicit":null,"suppressNextMessage":null},"sessionAttributes":null},"timeoutResponse":null,"timeoutNextStep":{"intent":{"name":null,"slots":null},"dialogAction":{"type":"EndConversation","slotToElicit":null,"suppressNextMessage":null},"sessionAttributes":null},"successNextStep":{"intent":{"name":null,"slots":null},"dialogAction":{"type":"EndConversation","slotToElicit":null,"suppressNextMessage":null},"sessionAttributes":null},"successResponse":{"messageGroupsList":[{"message":{"ssmlMessage":null,"customPayload":null,"plainTextMessage":{"value":"Important dates and deadlines for the current UBC academic session can be found on the following website: https://students.ubc.ca/enrolment/dates-deadlines"},"imageResponseCard":null},"variations":null}],"allowInterrupt":true}},"fulfillmentUpdatesSpecification":null,"enabled":false},"slotPriorities":[]}