{"DocumentId": "s3://ubc-scraped-courses/ANAT/392.txt", "Attributes": {"_category": "ANAT", "courseNumber": "392", "ubcURI": "https://courses.students.ubc.ca/cs/courseschedule?pname=subjarea&tname=subj-course&dept=ANAT&course=392", "description": "Lectures and laboratory sessions on the human gross and functional anatomy of the limbs and trunk. The course includes the study of predissected specimens. For credit only in the Department of Physical Therapy.", "credit": "4", "mode_of_delivery": "In-Person", "requires_in_person_attendance": "Yes", "date_buildings": "Term: 1, Days: Tue Thu, Start Time: 8:00, End Time: 9:30\n", "instructor": "ALIMOHAMMADI, MAJID"}, "Title": "ANAT392"}