{"DocumentId": "s3://ubc-scraped-courses/ANAT/550.txt", "Attributes": {"_category": "ANAT", "courseNumber": "550", "ubcURI": "https://courses.students.ubc.ca/cs/courseschedule?pname=subjarea&tname=subj-course&dept=ANAT&course=550", "description": "Lectures, demonstrations, discussions and student seminars on selected and current topics in cell biology and the anatomical sciences. Attendance is required of all M.Sc. and Ph.D. students in Anatomy and Cell Biology.", "prereq": "Pre-reqs: (Students must be registered in graduate-level studies in Anatomy & Cell Biology.)", "credit": "3", "mode_of_delivery": "In-Person", "requires_in_person_attendance": "Yes", "instructor": "NABI, IVAN ROBERT"}, "Title": "ANAT550"}