{"name":"GetCourseEligibilityIntent","identifier":"ZXLHY4EZJN","description":"This intent will answer whether a student is eligible to take a specific course.","parentIntentSignature":null,"sampleUtterances":[{"utterance":"Why cant I take {Course} ?"},{"utterance":"I cant register for {Course}"},{"utterance":"I want to take {Course} but ssc wont let me "},{"utterance":"Can students majoring in {Major} take {Course} ?"},{"utterance":"Can {Major} students take {Course} ?"},{"utterance":"Why am I unable to register in {Course} ?"},{"utterance":"Cannot register for {Course}"},{"utterance":"Student in {Major} and want to take {Course} "},{"utterance":"Registration error for {Course}"},{"utterance":"Error when trying to register for {Course}"}],"intentConfirmationSetting":null,"intentClosingSetting":null,"initialResponseSetting":{"initialResponse":null,"codeHook":{"isActive":true,"postCodeHookSpecification":{"failureResponse":null,"failureNextStep":{"sessionAttributes":null,"dialogAction":{"type":"EndConversation","slotToElicit":null,"suppressNextMessage":null},"intent":{"name":null,"slots":null}},"failureConditional":null,"successNextStep":{"sessionAttributes":null,"dialogAction":{"type":"ElicitSlot","slotToElicit":"Course","suppressNextMessage":null},"intent":{"name":null,"slots":null}},"successResponse":null,"successConditional":null,"timeoutResponse":null,"timeoutNextStep":{"sessionAttributes":null,"dialogAction":{"type":"EndConversation","slotToElicit":null,"suppressNextMessage":null},"intent":{"name":null,"slots":null}},"timeoutConditional":null},"enableCodeHookInvocation":true,"invocationLabel":null},"conditional":null,"nextStep":{"sessionAttributes":null,"dialogAction":{"type":"InvokeDialogCodeHook","slotToElicit":null,"suppressNextMessage":null},"intent":{"name":null,"slots":null}}},"inputContexts":null,"outputContexts":null,"kendraConfiguration":null,"dialogCodeHook":{"enabled":false},"fulfillmentCodeHook":{"isActive":true,"fulfillmentUpdatesSpecification":null,"postFulfillmentStatusSpecification":{"failureResponse":null,"failureNextStep":{"sessionAttributes":null,"dialogAction":{"type":"EndConversation","slotToElicit":null,"suppressNextMessage":null},"intent":{"name":null,"slots":null}},"successNextStep":{"sessionAttributes":null,"dialogAction":{"type":"EndConversation","slotToElicit":null,"suppressNextMessage":null},"intent":{"name":null,"slots":null}},"successResponse":null,"timeoutResponse":null,"timeoutNextStep":{"sessionAttributes":null,"dialogAction":{"type":"EndConversation","slotToElicit":null,"suppressNextMessage":null},"intent":{"name":null,"slots":null}}},"enabled":true},"slotPriorities":[{"priority":2,"slotName":"Major"},{"priority":1,"slotName":"Course"}]}