{"name":"FacultyName","identifier":"ILXXMXVIED","description":"Undergraduate faculty names such as APSC, LFS, KIN, etc.","slotTypeValues":[{"synonyms":null,"sampleValue":{"value":"APSC"}},{"synonyms":null,"sampleValue":{"value":"ARTS"}},{"synonyms":null,"sampleValue":{"value":"COMM"}},{"synonyms":null,"sampleValue":{"value":"FRST"}},{"synonyms":null,"sampleValue":{"value":"KIN"}},{"synonyms":null,"sampleValue":{"value":"LFS"}},{"synonyms":null,"sampleValue":{"value":"SCIE"}},{"synonyms":null,"sampleValue":{"value":"OTHER"}}],"parentSlotTypeSignature":null,"valueSelectionSetting":{"resolutionStrategy":"TOP_RESOLUTION","regexFilter":null}}