{"DocumentId": "s3://ubc-scraped-courses/APPP/501.txt", "Attributes": {"_category": "APPP", "courseNumber": "501", "ubcURI": "https://courses.students.ubc.ca/cs/courseschedule?pname=subjarea&tname=subj-course&dept=APPP&course=501", "description": "Leading complex multi-disciplinary projects through management processes; project management frameworks, standards; core management processes of planning, scheduling, estimating, survey of communication, risk, and management issues; case studies in industry-relevant project management. Collaboratively delivered with the Faculty of Commerce and Business Administration.", "credit": "1.5", "mode_of_delivery": "In-Person", "requires_in_person_attendance": "Yes", "date_buildings": "Term: 2, Days: Mon Wed, Start Time: 8:00, End Time: 10:00, Building: Earth, Room: Sciences\n", "instructor": "WONG, ERIKA"}, "Title": "APPP501"}