{"DocumentId": "s3://ubc-scraped-courses/APPP/502.txt", "Attributes": {"_category": "APPP", "courseNumber": "502", "ubcURI": "https://courses.students.ubc.ca/cs/courseschedule?pname=subjarea&tname=subj-course&dept=APPP&course=502", "description": "Skills for leading change that influences triple-bottom-line; sustainability, change agency systems thinking; awareness and perspective for engagement and communication; adaptive leadership; change dynamics; cases studies in organizational and social change. Collaboratively delivered with the Faculty of Commerce and Business Administration.", "credit": "1.5", "mode_of_delivery": "In-Person", "requires_in_person_attendance": "Yes", "date_buildings": "Term: 1, Days: Mon Wed, Start Time: 16:00, End Time: 18:00, Building: Friedman, Room: Building\n", "instructor": "BULL, JUSTIN"}, "Title": "APPP502"}