{"DocumentId": "s3://ubc-scraped-courses/APPP/503.txt", "Attributes": {"_category": "APPP", "courseNumber": "503", "ubcURI": "https://courses.students.ubc.ca/cs/courseschedule?pname=subjarea&tname=subj-course&dept=APPP&course=503", "description": "Behaviour of people and groups and its application to management and leadership within professional organizations; motivation, group dynamics, and organizational structure; leadership styles and effectiveness; assessing organizational effectiveness. Collaboratively delivered with the Faculty of Commerce and Business Administration.", "credit": "1.5", "mode_of_delivery": "In-Person", "requires_in_person_attendance": "Yes", "date_buildings": "Term: 2, Days: Mon Wed, Start Time: 10:00, End Time: 12:00, Building: UBC, Room: Life\n", "instructor": "RAWCLIFFE, WAYNE"}, "Title": "APPP503"}