{"DocumentId": "s3://ubc-scraped-courses/APPP/505.txt", "Attributes": {"_category": "APPP", "courseNumber": "505", "ubcURI": "https://courses.students.ubc.ca/cs/courseschedule?pname=subjarea&tname=subj-course&dept=APPP&course=505", "description": "Relevant measurable metrics of a project; data interpretation techniques; introduction to data visualization; overview of big data and predictive analytics; strategies related to metrics and data, ethical and privacy concerns. Collaboratively delivered with the Faculty of Commerce and Business Administration.", "credit": "3", "mode_of_delivery": "In-Person", "requires_in_person_attendance": "Yes", "date_buildings": "Term: 2, Days: Mon Wed, Start Time: 13:30, End Time: 15:00, Building: MacLeod, Room: 3002\n", "instructor": "MORADI RAD, REZA"}, "Title": "APPP505"}