{"DocumentId": "s3://ubc-scraped-courses/APPP/506C.txt", "Attributes": {"_category": "APPP", "courseNumber": "506C", "ubcURI": "https://courses.students.ubc.ca/cs/courseschedule?pname=subjarea&tname=subj-course&dept=APPP&course=506C", "description": "A capstone design project designed to give students experience in leading complex multidisciplinary projects relevant to their professional specialization. Collaboratively delivered with the Faculty of Commerce and Business Administration.", "credit": "3", "mode_of_delivery": "In-Person", "requires_in_person_attendance": "Yes", "instructor": "PRODANOVIC, VLADAN"}, "Title": "APPP506C"}