{"DocumentId": "s3://ubc-scraped-courses/APBI/200.txt", "Attributes": {"_category": "APBI", "courseNumber": "200", "ubcURI": "https://courses.students.ubc.ca/cs/courseschedule?pname=subjarea&tname=subj-course&dept=APBI&course=200", "description": "Physical, chemical and biological properties of soils; soil formation, classification, use and conservation. There are no prerequisites for this course, but background in Biology 12, Chemistry 12, and Physics 12 (or first-year university-level) is strongly advised.", "credit": "n/a", "mode_of_delivery": "In-Person", "requires_in_person_attendance": "Yes", "date_buildings": "Term: 2, Days: Thu, Start Time: 10:00, End Time: 12:00, Building: MacMillan, Room: 102A\n", "instructor": "BROWN, SANDRA"}, "Title": "APBI200"}