{"DocumentId": "s3://ubc-scraped-courses/APBI/210.txt", "Attributes": {"_category": "APBI", "courseNumber": "210", "ubcURI": "https://courses.students.ubc.ca/cs/courseschedule?pname=subjarea&tname=subj-course&dept=APBI&course=210", "description": "A comparative study of pteridophytes, gymnosperms and angiosperms, integrating form, function, and ecology.", "prereq": "Pre-reqs: Either (a) all of BIOL 121, BIOL 140 or (b) all of SCIE 001, BIOL 140. (Or (c) 7 credits of first-year biology.)", "credit": "n/a", "mode_of_delivery": "In-Person", "requires_in_person_attendance": "Yes", "date_buildings": "Term: 2, Days: Thu, Start Time: 14:00, End Time: 17:00\n", "instructor": "ELLIS, SHONA MARGARET"}, "Title": "APBI210"}