{"DocumentId": "s3://ubc-scraped-courses/APBI/214.txt", "Attributes": {"_category": "APBI", "courseNumber": "214", "ubcURI": "https://courses.students.ubc.ca/cs/courseschedule?pname=subjarea&tname=subj-course&dept=APBI&course=214", "description": "History, philosophy, and current practices of animal shelters and companion animal support services, with a focus on emerging issues from a One Health/One Welfare perspective.", "prereq": "Pre-reqs: (Second-year standing or higher.)", "credit": "3", "mode_of_delivery": "In-Person", "requires_in_person_attendance": "Yes", "date_buildings": "Term: 2, Days: Mon Wed Fri, Start Time: 10:00, End Time: 11:00, Building: MacMillan, Room: 158\n", "instructor": "PROTOPOPOVA, ALEXANDRA"}, "Title": "APBI214"}