{"DocumentId": "s3://ubc-scraped-courses/APBI/265.txt", "Attributes": {"_category": "APBI", "courseNumber": "265", "ubcURI": "https://courses.students.ubc.ca/cs/courseschedule?pname=subjarea&tname=subj-course&dept=APBI&course=265", "description": "Principles and practices necessary to understand practical concerns of sustainable food systems. Students who already present credit for APBI 260 are not permitted to receive credit for APBI 265.", "credit": "3", "mode_of_delivery": "In-Person", "requires_in_person_attendance": "Yes", "date_buildings": "Term: 2, Days: Wed, Start Time: 13:00, End Time: 16:00, Building: Frank, Room: Forward\n", "instructor": "LEWIS, DELISA"}, "Title": "APBI265"}