{"DocumentId": "s3://ubc-scraped-courses/APBI/290.txt", "Attributes": {"_category": "APBI", "courseNumber": "290", "ubcURI": "https://courses.students.ubc.ca/cs/courseschedule?pname=subjarea&tname=subj-course&dept=APBI&course=290", "description": "Analysis and interpretation of current issues in applied biology. Topics will vary from year to year.", "credit": "3", "mode_of_delivery": "Hybrid", "requires_in_person_attendance": "See Section Comments", "date_buildings": "Term: 1, Days: Tue Thu, Start Time: 11:00, End Time: 12:30, Building: Frank, Room: Forward\n", "instructor": "AKHTAR, YASMIN"}, "Title": "APBI290"}