{"DocumentId": "s3://ubc-scraped-courses/APBI/311.txt", "Attributes": {"_category": "APBI", "courseNumber": "311", "ubcURI": "https://courses.students.ubc.ca/cs/courseschedule?pname=subjarea&tname=subj-course&dept=APBI&course=311", "description": "Cardiovascular, respiratory and osmoregulatory physiology of vertebrates.", "prereq": "Pre-reqs: BIOL 204 and one of BIOL 260, BIOL 361. (And 3rd year standing.)", "credit": "3", "mode_of_delivery": "In-Person", "requires_in_person_attendance": "Yes", "instructor": "TBA"}, "Title": "APBI311"}