{"DocumentId": "s3://ubc-scraped-courses/APBI/312.txt", "Attributes": {"_category": "APBI", "courseNumber": "312", "ubcURI": "https://courses.students.ubc.ca/cs/courseschedule?pname=subjarea&tname=subj-course&dept=APBI&course=312", "description": "Reproductive and digestive physiology, and current technologies applied to these systems in domestic and wild animals.", "prereq": "Pre-reqs: One of BIOL 204, BIOL 260. (3rd year standing.)", "credit": "3", "mode_of_delivery": "In-Person", "requires_in_person_attendance": "Yes", "instructor": "TBA"}, "Title": "APBI312"}