{"DocumentId": "s3://ubc-scraped-courses/APBI/313.txt", "Attributes": {"_category": "APBI", "courseNumber": "313", "ubcURI": "https://courses.students.ubc.ca/cs/courseschedule?pname=subjarea&tname=subj-course&dept=APBI&course=313", "description": "Case studies will be used to discover how behavioural principles explain complexity in the behaviour of individual animals and contribute to our understanding of animal welfare..", "prereq": "Pre-reqs: (Third-year standing or higher. One of PSYC 100, PSYC 101 or PSYC 102 recommended.)", "credit": "3", "mode_of_delivery": "In-Person", "requires_in_person_attendance": "Yes", "date_buildings": "Term: 1, Days: Tue Thu, Start Time: 9:30, End Time: 11:00, Building: West, Room: Mall\n", "instructor": "PROTOPOPOVA, ALEXANDRA"}, "Title": "APBI313"}