{"DocumentId": "s3://ubc-scraped-courses/APBI/314.txt", "Attributes": {"_category": "APBI", "courseNumber": "314", "ubcURI": "https://courses.students.ubc.ca/cs/courseschedule?pname=subjarea&tname=subj-course&dept=APBI&course=314", "description": "Contemporary use of animals for food production, companionship, recreation and science; social and ethical issues concerning human impacts on animals; animals in human culture; protection of animals by society and the law.", "prereq": "Pre-reqs: (At least third-year standing in any faculty.)", "credit": "3", "mode_of_delivery": "In-Person", "requires_in_person_attendance": "Yes", "instructor": "TBA"}, "Title": "APBI314"}