{"DocumentId": "s3://ubc-scraped-courses/APBI/316.txt", "Attributes": {"_category": "APBI", "courseNumber": "316", "ubcURI": "https://courses.students.ubc.ca/cs/courseschedule?pname=subjarea&tname=subj-course&dept=APBI&course=316", "description": "Anatomy, physiology, reproduction, nutrition of the horse; common disease pathology, prevention and treatments; equine behaviour.", "credit": "3", "mode_of_delivery": "In-Person", "requires_in_person_attendance": "Yes", "date_buildings": "Term: 2, Days: Tue Thu, Start Time: 16:00, End Time: 17:30, Building: MacMillan, Room: 158\n", "instructor": "MACRAE, AMELIA"}, "Title": "APBI316"}