{"DocumentId": "s3://ubc-scraped-courses/APBI/317.txt", "Attributes": {"_category": "APBI", "courseNumber": "317", "ubcURI": "https://courses.students.ubc.ca/cs/courseschedule?pname=subjarea&tname=subj-course&dept=APBI&course=317", "description": "Historical and current debate, ethical perspectives, governance, and scientific understanding of experiences of animals in research.", "credit": "3", "mode_of_delivery": "Online", "requires_in_person_attendance": "See Section Comments", "date_buildings": "Term: 2, Days: Tue Thu, Start Time: 12:30, End Time: 14:00\n", "instructor": "RATUSKI, ANNA"}, "Title": "APBI317"}