{"DocumentId": "s3://ubc-scraped-courses/APBI/318.txt", "Attributes": {"_category": "APBI", "courseNumber": "318", "ubcURI": "https://courses.students.ubc.ca/cs/courseschedule?pname=subjarea&tname=subj-course&dept=APBI&course=318", "description": "Small-scale classical (i.e., non-biotechnological) plant breeding. Hands-on, application-oriented approach to techniques and procedures for managing seed inventories, designing and implementing a simple plant breeding program, and evaluating the impact of selection on breeding populations and desired outcomes.", "credit": "3", "mode_of_delivery": "In-Person", "requires_in_person_attendance": "Yes", "instructor": "TBA"}, "Title": "APBI318"}