{"DocumentId": "s3://ubc-scraped-courses/APBI/322.txt", "Attributes": {"_category": "APBI", "courseNumber": "322", "ubcURI": "https://courses.students.ubc.ca/cs/courseschedule?pname=subjarea&tname=subj-course&dept=APBI&course=322", "description": "Horticulture theory and methodology in an experiential learning format. Plant identification, seeding, propagation, canopy management, cultivation media, horticultural systems examined in the context of integrated crop management.", "credit": "n/a", "mode_of_delivery": "In-Person", "requires_in_person_attendance": "Yes", "date_buildings": "Term: 2, Days: Mon, Start Time: 13:00, End Time: 16:00, Building: MacMillan, Room: 260\n", "instructor": "MCCABE, ALLISON"}, "Title": "APBI322"}