{"DocumentId": "s3://ubc-scraped-courses/APBI/324.txt", "Attributes": {"_category": "APBI", "courseNumber": "324", "ubcURI": "https://courses.students.ubc.ca/cs/courseschedule?pname=subjarea&tname=subj-course&dept=APBI&course=324", "description": "Introduction to seed plant taxonomy emphasizing descriptive morphology and identification. Each student will be required to submit a plant collection.", "prereq": "Pre-reqs: BIOL 121.", "credit": "n/a", "mode_of_delivery": "In-Person", "requires_in_person_attendance": "Yes", "date_buildings": "Term: 1, Days: Wed, Start Time: 14:00, End Time: 17:00, Building: Biological, Room: Sciences\n", "instructor": "TBA"}, "Title": "APBI324"}