{"DocumentId": "s3://ubc-scraped-courses/APBI/326.txt", "Attributes": {"_category": "APBI", "courseNumber": "326", "ubcURI": "https://courses.students.ubc.ca/cs/courseschedule?pname=subjarea&tname=subj-course&dept=APBI&course=326", "description": "Study of the ecology of plant pathogenic organisms; principles of disease development and control.", "credit": "n/a", "mode_of_delivery": "In-Person", "requires_in_person_attendance": "Yes", "date_buildings": "Term: 1, Days: Tue, Start Time: 12:30, End Time: 14:00, Building: MacMillan, Room: 256\n", "instructor": "BRAR, GURCHARN"}, "Title": "APBI326"}