{"DocumentId": "s3://ubc-scraped-courses/APBI/327.txt", "Attributes": {"_category": "APBI", "courseNumber": "327", "ubcURI": "https://courses.students.ubc.ca/cs/courseschedule?pname=subjarea&tname=subj-course&dept=APBI&course=327", "description": "A survey of the structure, classification and biology of insects; ecology and life-histories of insects; insect-plant relations.", "prereq": "Pre-reqs: BIOL 121.", "credit": "n/a", "mode_of_delivery": "In-Person", "requires_in_person_attendance": "Yes", "date_buildings": "Term: 1, Days: Thu, Start Time: 13:30, End Time: 15:30, Building: MacMillan, Room: 240\n", "instructor": "AKHTAR, YASMIN"}, "Title": "APBI327"}