{"DocumentId": "s3://ubc-scraped-courses/APBI/342.txt", "Attributes": {"_category": "APBI", "courseNumber": "342", "ubcURI": "https://courses.students.ubc.ca/cs/courseschedule?pname=subjarea&tname=subj-course&dept=APBI&course=342", "description": "The diversity of soil organisms (bacteria, protozoa, fungi, animals, plants) in natural and managed ecosystems; roles in primary production, nutrient cycling, decomposition and reclamation; interactions between soil organisms; responses to environmental change.", "prereq": "Pre-reqs: BIOL 121.", "credit": "n/a", "mode_of_delivery": "In-Person", "requires_in_person_attendance": "Yes", "date_buildings": "Term: 2, Days: Tue, Start Time: 14:00, End Time: 17:00, Building: MacMillan, Room: 342\n", "instructor": "CHANWAY, CHRISTOPHER"}, "Title": "APBI342"}