{"DocumentId": "s3://ubc-scraped-courses/APBI/351.txt", "Attributes": {"_category": "APBI", "courseNumber": "351", "ubcURI": "https://courses.students.ubc.ca/cs/courseschedule?pname=subjarea&tname=subj-course&dept=APBI&course=351", "description": "Mechanisms and regulation of functional processes contributing to the assimilation, transport and utilization of water, mineral nutrients and carbon by plants.", "prereq": "Pre-reqs: BIOL 121 and either (a) CHEM 123 or (b) all of CHEM 111, CHEM 113. (CHEM 233 is recommended.)", "credit": "n/a", "mode_of_delivery": "In-Person", "requires_in_person_attendance": "Yes", "date_buildings": "Term: 1, Days: Thu, Start Time: 14:00, End Time: 17:00, Building: Biological, Room: Sciences\n", "instructor": "SINGH, SANTOKH"}, "Title": "APBI351"}