{"DocumentId": "s3://ubc-scraped-courses/APBI/360.txt", "Attributes": {"_category": "APBI", "courseNumber": "360", "ubcURI": "https://courses.students.ubc.ca/cs/courseschedule?pname=subjarea&tname=subj-course&dept=APBI&course=360", "description": "Animals and Plants as Components of Agricultural Ecosystems. A systems approach is used to investigate the functions and interactions of plants and animals in agricultural systems.", "prereq": "Pre-reqs: One of BIOL 230, APBI 260, APBI 265.", "credit": "3", "mode_of_delivery": "In-Person", "requires_in_person_attendance": "Yes", "date_buildings": "Term: 2, Days: Tue Thu, Start Time: 12:30, End Time: 14:00, Building: Biological, Room: Sciences\n", "instructor": "SARGENT, RISA"}, "Title": "APBI360"}