{"DocumentId": "s3://ubc-scraped-courses/APBI/361.txt", "Attributes": {"_category": "APBI", "courseNumber": "361", "ubcURI": "https://courses.students.ubc.ca/cs/courseschedule?pname=subjarea&tname=subj-course&dept=APBI&course=361", "description": "A detailed exploration of biophysical, economic, and social ecosystem sustainability indicators for primary production subsystems.", "credit": "3", "mode_of_delivery": "In-Person", "requires_in_person_attendance": "Yes", "instructor": "TBA"}, "Title": "APBI361"}