{"DocumentId": "s3://ubc-scraped-courses/APBI/398.txt", "Attributes": {"_category": "APBI", "courseNumber": "398", "ubcURI": "https://courses.students.ubc.ca/cs/courseschedule?pname=subjarea&tname=subj-course&dept=APBI&course=398", "description": "Research methods including research design, scientific critique, writing proposals and reports, and oral presentation.", "prereq": "Pre-reqs: (Third-year standing in the Applied Biology program or permission of the instructor.)", "credit": "3", "mode_of_delivery": "In-Person", "requires_in_person_attendance": "Yes", "date_buildings": "Term: 1, Days: Mon, Start Time: 14:00, End Time: 17:00, Building: Neville, Room: Scarfe\n", "instructor": "VON KEYSERLINGK, MARINA"}, "Title": "APBI398"}