{"DocumentId": "s3://ubc-scraped-courses/APBI/401.txt", "Attributes": {"_category": "APBI", "courseNumber": "401", "ubcURI": "https://courses.students.ubc.ca/cs/courseschedule?pname=subjarea&tname=subj-course&dept=APBI&course=401", "description": "Integration of soil physics, chemistry, and biology in understanding essential soil processes.", "prereq": "Pre-reqs: APBI 200.", "credit": "3", "mode_of_delivery": "In-Person", "requires_in_person_attendance": "Yes", "instructor": "TBA"}, "Title": "APBI401"}