{"DocumentId": "s3://ubc-scraped-courses/APBI/402.txt", "Attributes": {"_category": "APBI", "courseNumber": "402", "ubcURI": "https://courses.students.ubc.ca/cs/courseschedule?pname=subjarea&tname=subj-course&dept=APBI&course=402", "description": "Application of fundamental, unifying, soil science principles in sustainable ecosystem management.", "prereq": "Pre-reqs: APBI 200.", "credit": "n/a", "mode_of_delivery": "In-Person", "requires_in_person_attendance": "Yes", "date_buildings": "Term: 2, Days: Mon, Start Time: 15:00, End Time: 17:00, Building: MacLeod, Room: 3002\n", "instructor": "BROWN, SANDRA"}, "Title": "APBI402"}