{"DocumentId": "s3://ubc-scraped-courses/APBI/403.txt", "Attributes": {"_category": "APBI", "courseNumber": "403", "ubcURI": "https://courses.students.ubc.ca/cs/courseschedule?pname=subjarea&tname=subj-course&dept=APBI&course=403", "prereq": "Pre-reqs: APBI 200.", "credit": "n/a", "mode_of_delivery": "In-Person", "requires_in_person_attendance": "Yes", "date_buildings": "Term: 1, Days: Thu, Start Time: 13:00, End Time: 16:00, Building: MacMillan, Room: 102A\n", "instructor": "BROWN, SANDRA"}, "Title": "APBI403"}