{"DocumentId": "s3://ubc-scraped-courses/APBI/405.txt", "Attributes": {"_category": "APBI", "courseNumber": "405", "ubcURI": "https://courses.students.ubc.ca/cs/courseschedule?pname=subjarea&tname=subj-course&dept=APBI&course=405", "description": "Plant water requirements for production and survival, physiological stress thresholds, soil-plant-atmosphere interactions, structure-function relationships, cutting-edge and traditional monitoring tools, precision agriculture, application for sustainable water management.", "prereq": "Pre-reqs: One of APBI 210, BIOL 210.", "credit": "3", "mode_of_delivery": "In-Person", "requires_in_person_attendance": "Yes", "date_buildings": "Term: 2, Days: Tue Thu, Start Time: 8:00, End Time: 9:30, Building: MacMillan, Room: 158\n", "instructor": "KNIPFER, THORSTEN"}, "Title": "APBI405"}