{"DocumentId": "s3://ubc-scraped-courses/APBI/410.txt", "Attributes": {"_category": "APBI", "courseNumber": "410", "ubcURI": "https://courses.students.ubc.ca/cs/courseschedule?pname=subjarea&tname=subj-course&dept=APBI&course=410", "description": "Application of physiology and pathology principles to health and disease of domestic animals.", "prereq": "Pre-reqs: BIOL 201 and one of APBI 311, CAPS 301.", "credit": "3", "mode_of_delivery": "In-Person", "requires_in_person_attendance": "Yes", "date_buildings": "Term: 1, Days: Tue Thu, Start Time: 14:00, End Time: 15:30, Building: MacMillan, Room: 158\n", "instructor": "CERRI, RONALDO"}, "Title": "APBI410"}