{"DocumentId": "s3://ubc-scraped-courses/APBI/414.txt", "Attributes": {"_category": "APBI", "courseNumber": "414", "ubcURI": "https://courses.students.ubc.ca/cs/courseschedule?pname=subjarea&tname=subj-course&dept=APBI&course=414", "description": "Research seminar integrating diverse information to address global animal issues including: animal-source foods and human health, environmental impact of livestock production, trade in exotic animals.", "prereq": "Pre-reqs: One of APBI 314, APBI 315.", "credit": "3", "mode_of_delivery": "Hybrid", "requires_in_person_attendance": "See Section Comments", "date_buildings": "Term: 1, Days: Mon, Start Time: 13:00, End Time: 16:00, Building: MacMillan, Room: 256\n", "instructor": "MACRAE, AMELIA"}, "Title": "APBI414"}