{"DocumentId": "s3://ubc-scraped-courses/APBI/415.txt", "Attributes": {"_category": "APBI", "courseNumber": "415", "ubcURI": "https://courses.students.ubc.ca/cs/courseschedule?pname=subjarea&tname=subj-course&dept=APBI&course=415", "description": "Application of principles and research methods of animal behaviour to practical problems in the care of farm, companion, wild and research animals, and in animal training, and human-wildlife conflict.", "credit": "3", "mode_of_delivery": "Hybrid", "requires_in_person_attendance": "See Section Comments", "date_buildings": "Term: 2, Days: Tue Thu, Start Time: 11:00, End Time: 12:30, Building: Ponderosa, Room: Commons\n", "instructor": "MACRAE, AMELIA"}, "Title": "APBI415"}