{"DocumentId": "s3://ubc-scraped-courses/APBI/416.txt", "Attributes": {"_category": "APBI", "courseNumber": "416", "ubcURI": "https://courses.students.ubc.ca/cs/courseschedule?pname=subjarea&tname=subj-course&dept=APBI&course=416", "description": "Evaluation of humane treatment of individual animals living in the wild and managed within conservation biology. Assessment of attitudes and viewpoints of the role of animal welfare in conservation biology.", "prereq": "Pre-reqs: (Third-year standing or higher. APBI 315 and BIOL 416 or CONS 330 recommended.)", "credit": "3", "mode_of_delivery": "Hybrid", "requires_in_person_attendance": "See Section Comments", "date_buildings": "Term: 1, Days: Mon, Start Time: 10:00, End Time: 13:00, Building: Ponderosa, Room: Commons\n", "instructor": "WALKER, KRISTEN"}, "Title": "APBI416"}