{"DocumentId": "s3://ubc-scraped-courses/APBI/419.txt", "Attributes": {"_category": "APBI", "courseNumber": "419", "ubcURI": "https://courses.students.ubc.ca/cs/courseschedule?pname=subjarea&tname=subj-course&dept=APBI&course=419", "description": "Management of fish health in aquaculture; common fish pathogens, epidemiology, prevention, and treatment of diseases.", "prereq": "Pre-reqs: (Third year standing or higher. One of APBI 311, BIOL 204 or BIOL 260. APBI 312 and APBI 418 strongly recommended.)", "credit": "3", "mode_of_delivery": "Online", "requires_in_person_attendance": "No", "instructor": "ACKERMAN, PAIGE ADRIENNE"}, "Title": "APBI419"}