{"DocumentId": "s3://ubc-scraped-courses/APBI/423.txt", "Attributes": {"_category": "APBI", "courseNumber": "423", "ubcURI": "https://courses.students.ubc.ca/cs/courseschedule?pname=subjarea&tname=subj-course&dept=APBI&course=423", "description": "Ecological principles relevant to restoration of ecosystems are applied to the restoration of several types of ecosystems.", "prereq": "Pre-reqs: APBI 200 and one of FRST 201, APBI 260, BIOL 230.", "credit": "3", "mode_of_delivery": "Online", "requires_in_person_attendance": "See Section Comments", "date_buildings": "Term: 2, Days: Tue Thu, Start Time: 17:00, End Time: 18:30\n", "instructor": "PRESCOTT, CINDY"}, "Title": "APBI423"}