{"DocumentId": "s3://ubc-scraped-courses/APBI/426.txt", "Attributes": {"_category": "APBI", "courseNumber": "426", "ubcURI": "https://courses.students.ubc.ca/cs/courseschedule?pname=subjarea&tname=subj-course&dept=APBI&course=426", "description": "Biology and physiology of selected plant-microbe relationships. Impacts of plant-microbe relationships on society.", "prereq": "Pre-reqs: BIOL 200 and one of BIOC 202, BIOC 203, BIOL 201, BIOL 233, BIOL 234, BIOL 260.", "credit": "n/a", "mode_of_delivery": "Hybrid", "requires_in_person_attendance": "See Section Comments", "date_buildings": "Term: 1, Days: Wed, Start Time: 14:00, End Time: 16:00, Building: Food,, Room: Nutrition\n", "instructor": "TBA"}, "Title": "APBI426"}