{"DocumentId": "s3://ubc-scraped-courses/APBI/427.txt", "Attributes": {"_category": "APBI", "courseNumber": "427", "ubcURI": "https://courses.students.ubc.ca/cs/courseschedule?pname=subjarea&tname=subj-course&dept=APBI&course=427", "description": "Behavioural, population, and community ecology of insects. Interaction between insects and plants and the application of the principals of insect ecology to biological control of insects and weeds.", "prereq": "Pre-reqs: Either (a) BIOL 205 or (b) all of BIOL 327, APBI 327.", "credit": "3", "mode_of_delivery": "In-Person", "requires_in_person_attendance": "Yes", "date_buildings": "Term: 2, Days: Mon Wed Fri, Start Time: 11:00, End Time: 12:00, Building: Biological, Room: Sciences\n", "instructor": "TSENG, MICHELLE"}, "Title": "APBI427"}