{"DocumentId": "s3://ubc-scraped-courses/APBI/428.txt", "Attributes": {"_category": "APBI", "courseNumber": "428", "ubcURI": "https://courses.students.ubc.ca/cs/courseschedule?pname=subjarea&tname=subj-course&dept=APBI&course=428", "description": "Development and implementation of multi-disciplinary pest management programs in agricultural crops.", "prereq": "Pre-reqs: BIOL 121.", "credit": "3", "mode_of_delivery": "Online", "requires_in_person_attendance": "No", "instructor": "AKHTAR, YASMIN"}, "Title": "APBI428"}