{"DocumentId": "s3://ubc-scraped-courses/APBI/440.txt", "Attributes": {"_category": "APBI", "courseNumber": "440", "ubcURI": "https://courses.students.ubc.ca/cs/courseschedule?pname=subjarea&tname=subj-course&dept=APBI&course=440", "description": "Concepts, principles, and recent discoveries in genome structure and comparative genomics in plants with a focus on economically important plants; applications of genomics approaches to questions in plant genetics, evolution, and ecology.", "coreq": "Co-reqs: BIOL 335.", "credit": "3", "mode_of_delivery": "In-Person", "requires_in_person_attendance": "Yes", "date_buildings": "Term: 2, Days: Tue Thu, Start Time: 9:30, End Time: 11:00, Building: Neville, Room: Scarfe\n", "instructor": "SONG, LIANG"}, "Title": "APBI440"}