{"DocumentId": "s3://ubc-scraped-courses/APBI/442.txt", "Attributes": {"_category": "APBI", "courseNumber": "442", "ubcURI": "https://courses.students.ubc.ca/cs/courseschedule?pname=subjarea&tname=subj-course&dept=APBI&course=442", "prereq": "Pre-reqs: All of BIOL 112, BIOL 121 and one of BIOL 200, BIOL 201, APBI 210, BIOL 210.", "credit": "3", "mode_of_delivery": "In-Person", "requires_in_person_attendance": "Yes", "date_buildings": "Term: 1, Days: Tue Thu, Start Time: 14:00, End Time: 15:30, Building: West, Room: Mall\n", "instructor": "CASTELLARIN, SIMONE"}, "Title": "APBI442"}