{"DocumentId": "s3://ubc-scraped-courses/APBI/444.txt", "Attributes": {"_category": "APBI", "courseNumber": "444", "ubcURI": "https://courses.students.ubc.ca/cs/courseschedule?pname=subjarea&tname=subj-course&dept=APBI&course=444", "description": "An introduction to the application of knowledge and principles of agroecology and forest ecology to global agroforestry systems. The course includes a one-weekend field trip that requires a supplemental fee.", "prereq": "Pre-reqs: (An undergraduate course in ecology or equivalent.)", "credit": "n/a", "mode_of_delivery": "Online", "requires_in_person_attendance": "See Section Comments", "date_buildings": "Term: 2, Days: Tue, Start Time: 15:00, End Time: 17:00\n", "instructor": "RYAN, TERESA"}, "Title": "APBI444"}