{"DocumentId": "s3://ubc-scraped-courses/APBI/460.txt", "Attributes": {"_category": "APBI", "courseNumber": "460", "ubcURI": "https://courses.students.ubc.ca/cs/courseschedule?pname=subjarea&tname=subj-course&dept=APBI&course=460", "description": "The relationship between biological diversity and sustainability in food producing agroecosystems; emphasis on ecological similarities between natural ecosystems and managed agroecosystems.", "prereq": "Pre-reqs: APBI 360. (or equivalent.)", "credit": "3", "mode_of_delivery": "Online", "requires_in_person_attendance": "No", "date_buildings": "Term: 1, Days: Tue Thu, Start Time: 12:30, End Time: 14:00\n", "instructor": "RISEMAN, ANDREW"}, "Title": "APBI460"}