{"DocumentId": "s3://ubc-scraped-courses/APBI/463.txt", "Attributes": {"_category": "APBI", "courseNumber": "463", "ubcURI": "https://courses.students.ubc.ca/cs/courseschedule?pname=subjarea&tname=subj-course&dept=APBI&course=463", "description": "Insect ecology and evolutionary biology of pests, predators, pollinators and other insect groups in agroecosystems. Application to biodiversity management and sustainable agricultural practices.", "prereq": "Pre-reqs: One of APBI 327, BIOL 327 and one of BIOL 300, GEOG 374, FRST 231, LFS 252, STAT 200.", "credit": "3", "mode_of_delivery": "In-Person", "requires_in_person_attendance": "Yes", "date_buildings": "Term: 2, Days: Tue Thu, Start Time: 9:30, End Time: 11:00, Building: Neville, Room: Scarfe\n", "instructor": "CARRILLO, JULI"}, "Title": "APBI463"}