{"DocumentId": "s3://ubc-scraped-courses/APBI/490A.txt", "Attributes": {"_category": "APBI", "courseNumber": "490A", "ubcURI": "https://courses.students.ubc.ca/cs/courseschedule?pname=subjarea&tname=subj-course&dept=APBI&course=490A", "description": "Analysis and interpretation of current issues in applied biology.", "prereq": "Pre-reqs: (3rd year standing or higher.)", "credit": "3", "mode_of_delivery": "In-Person", "requires_in_person_attendance": "Yes", "date_buildings": "Term: 1, Days: Tue, Start Time: 15:30, End Time: 18:30, Building: West, Room: Mall\n", "instructor": "BRAR, GURCHARN"}, "Title": "APBI490A"}