{"DocumentId": "s3://ubc-scraped-courses/APBI/490B.txt", "Attributes": {"_category": "APBI", "courseNumber": "490B", "ubcURI": "https://courses.students.ubc.ca/cs/courseschedule?pname=subjarea&tname=subj-course&dept=APBI&course=490B", "description": "Analysis and interpretation of current issues in applied biology.", "prereq": "Pre-reqs: (3rd year standing or higher.)", "credit": "3", "mode_of_delivery": "In-Person", "requires_in_person_attendance": "Yes", "date_buildings": "Term: 1, Days: Tue Thu, Start Time: 12:30, End Time: 14:00, Building: Henry, Room: Angus\n", "instructor": "SARGENT, RISA"}, "Title": "APBI490B"}