{"DocumentId": "s3://ubc-scraped-courses/APBI/490C.txt", "Attributes": {"_category": "APBI", "courseNumber": "490C", "ubcURI": "https://courses.students.ubc.ca/cs/courseschedule?pname=subjarea&tname=subj-course&dept=APBI&course=490C", "description": "Analysis and interpretation of current issues in applied biology.", "prereq": "Pre-reqs: (3rd year standing or higher.)", "credit": "3", "mode_of_delivery": "In-Person", "requires_in_person_attendance": "Yes", "date_buildings": "Term: 1, Days: Wed, Start Time: 13:00, End Time: 16:00, Building: MacMillan, Room: 258\n", "instructor": "MARTENS, TABITHA"}, "Title": "APBI490C"}