{"DocumentId": "s3://ubc-scraped-courses/APBI/490D.txt", "Attributes": {"_category": "APBI", "courseNumber": "490D", "ubcURI": "https://courses.students.ubc.ca/cs/courseschedule?pname=subjarea&tname=subj-course&dept=APBI&course=490D", "description": "Analysis and interpretation of current issues in applied biology.", "prereq": "Pre-reqs: (3rd year standing or higher.)", "credit": "3", "mode_of_delivery": "Hybrid", "requires_in_person_attendance": "Yes", "date_buildings": "Term: 2, Days: Wed, Start Time: 10:00, End Time: 13:00, Building: Orchard, Room: Commons\n", "instructor": "XENAKIS, KONSTANTINA"}, "Title": "APBI490D"}