{"DocumentId": "s3://ubc-scraped-courses/APBI/490E.txt", "Attributes": {"_category": "APBI", "courseNumber": "490E", "ubcURI": "https://courses.students.ubc.ca/cs/courseschedule?pname=subjarea&tname=subj-course&dept=APBI&course=490E", "description": "Analysis and interpretation of current issues in applied biology.", "prereq": "Pre-reqs: (3rd year standing or higher.)", "credit": "3", "mode_of_delivery": "In-Person", "requires_in_person_attendance": "Yes", "date_buildings": "Term: 2, Days: Mon, Start Time: 13:00, End Time: 16:00, Building: West, Room: Mall\n", "instructor": "BOO, ALEX"}, "Title": "APBI490E"}