{"DocumentId": "s3://ubc-scraped-courses/APBI/496B.txt", "Attributes": {"_category": "APBI", "courseNumber": "496B", "ubcURI": "https://courses.students.ubc.ca/cs/courseschedule?pname=subjarea&tname=subj-course&dept=APBI&course=496B", "description": "Application of principles and concepts of Applied Animal Biology to experiential learning in the fields of wild, companion, lab, and farm animal welfare and management.", "prereq": "Pre-reqs: (Third-year standing or higher. APBI 314 and/or APBI 315 are recommended.)", "credit": "6", "mode_of_delivery": "In-Person", "requires_in_person_attendance": "Yes", "instructor": "DUBOIS, SARA"}, "Title": "APBI496B"}