{"DocumentId": "s3://ubc-scraped-courses/APBI/498.txt", "Attributes": {"_category": "APBI", "courseNumber": "498", "ubcURI": "https://courses.students.ubc.ca/cs/courseschedule?pname=subjarea&tname=subj-course&dept=APBI&course=498", "description": "Preparation of a comprehensive and analytical review of an approved topic under the supervision of a faculty member. Consultation with a program advisor is required.", "credit": "3", "mode_of_delivery": "In-Person", "requires_in_person_attendance": "Yes", "date_buildings": "Term: 2, Days: Fri, Start Time: 13:00, End Time: 14:30\n", "instructor": "KRZIC, MAJA"}, "Title": "APBI498"}