{"DocumentId": "s3://ubc-scraped-courses/APBI/499.txt", "Attributes": {"_category": "APBI", "courseNumber": "499", "ubcURI": "https://courses.students.ubc.ca/cs/courseschedule?pname=subjarea&tname=subj-course&dept=APBI&course=499", "description": "Design and execution of an experimental/analytical research project leading to the preparation of a thesis.", "prereq": "Pre-reqs: (Approval of a program advisor; consult before the end of classes in third year.)", "credit": "6", "mode_of_delivery": "In-Person", "requires_in_person_attendance": "Yes", "date_buildings": "Term: 2, Days: Fri, Start Time: 13:00, End Time: 14:30\n", "instructor": "KRZIC, MAJA"}, "Title": "APBI499"}