{"DocumentId": "s3://ubc-scraped-courses/AMNE/200.txt", "Attributes": {"_category": "AMNE", "courseNumber": "200", "ubcURI": "https://courses.students.ubc.ca/cs/courseschedule?pname=subjarea&tname=subj-course&dept=AMNE&course=200", "description": "Orientation to the peoples, places, and traditions of the ancient Mediterranean and Near East, and to analyzing different forms of source material (historical, literary, archaeological) from different perspectives.", "credit": "3", "mode_of_delivery": "In-Person", "requires_in_person_attendance": "Yes", "date_buildings": "Term: 1, Days: Tue Thu, Start Time: 14:00, End Time: 15:30, Building: To, Room: Be\n", "instructor": "TBA"}, "Title": "AMNE200"}