{"DocumentId": "s3://ubc-scraped-courses/AMNE/235.txt", "Attributes": {"_category": "AMNE", "courseNumber": "235", "ubcURI": "https://courses.students.ubc.ca/cs/courseschedule?pname=subjarea&tname=subj-course&dept=AMNE&course=235", "description": "Greek Philosophy I", "credit": "3", "mode_of_delivery": "In-Person", "requires_in_person_attendance": "Yes", "date_buildings": "Term: 1, Days: Mon Wed Fri, Start Time: 13:00, End Time: 14:00, Building: Buchanan, Room: A102\n", "instructor": "GRIFFIN, MICHAEL"}, "Title": "AMNE235"}