{"DocumentId": "s3://ubc-scraped-courses/AMNE/300.txt", "Attributes": {"_category": "AMNE", "courseNumber": "300", "ubcURI": "https://courses.students.ubc.ca/cs/courseschedule?pname=subjarea&tname=subj-course&dept=AMNE&course=300", "description": "Modern receptions and engagements with literature, history, philosophy, religion, archaeology, and art of the ancient Mediterranean and Near East with a focus on public writing.", "prereq": "Pre-reqs: (Second-year standing or higher. AMNE 200 is recommended.)", "credit": "3", "mode_of_delivery": "In-Person", "requires_in_person_attendance": "Yes", "instructor": "TBA"}, "Title": "AMNE300"}