{"DocumentId": "s3://ubc-scraped-courses/AMNE/317.txt", "Attributes": {"_category": "AMNE", "courseNumber": "317", "ubcURI": "https://courses.students.ubc.ca/cs/courseschedule?pname=subjarea&tname=subj-course&dept=AMNE&course=317", "prereq": "Pre-reqs: One of CLST 231, AMNE 215.", "credit": "3", "mode_of_delivery": "In-Person", "requires_in_person_attendance": "Yes", "date_buildings": "Term: 2, Days: Mon Wed Fri, Start Time: 16:00, End Time: 17:00, Building: Buchanan, Room: B303\n", "instructor": "DE ANGELIS, FRANCO"}, "Title": "AMNE317"}