{"DocumentId": "s3://ubc-scraped-courses/AMNE/318.txt", "Attributes": {"_category": "AMNE", "courseNumber": "318", "ubcURI": "https://courses.students.ubc.ca/cs/courseschedule?pname=subjarea&tname=subj-course&dept=AMNE&course=318", "prereq": "Pre-reqs: One of CLST 232, AMNE 216.", "credit": "3", "mode_of_delivery": "In-Person", "requires_in_person_attendance": "Yes", "date_buildings": "Term: 1, Days: Mon Wed Fri, Start Time: 13:00, End Time: 14:00, Building: Buchanan, Room: D207\n", "instructor": "HUEMOELLER, KATHARINE"}, "Title": "AMNE318"}