{"DocumentId": "s3://ubc-scraped-courses/AMNE/323.txt", "Attributes": {"_category": "AMNE", "courseNumber": "323", "ubcURI": "https://courses.students.ubc.ca/cs/courseschedule?pname=subjarea&tname=subj-course&dept=AMNE&course=323", "prereq": "Pre-reqs: Either (a) one of CLST 231, AMNE 215 or (b) one of CLST 232, AMNE 216 or (c) one of CLST 260, AMNE 225.", "credit": "3", "mode_of_delivery": "In-Person", "requires_in_person_attendance": "Yes", "date_buildings": "Term: 2, Days: Tue Thu, Start Time: 14:00, End Time: 15:30, Building: Buchanan, Room: B209\n", "instructor": "HUEMOELLER, KATHARINE"}, "Title": "AMNE323"}