{"DocumentId": "s3://ubc-scraped-courses/AMNE/346.txt", "Attributes": {"_category": "AMNE", "courseNumber": "346", "ubcURI": "https://courses.students.ubc.ca/cs/courseschedule?pname=subjarea&tname=subj-course&dept=AMNE&course=346", "prereq": "Pre-reqs: (Second-year standing.)", "credit": "3", "mode_of_delivery": "In-Person", "requires_in_person_attendance": "Yes", "date_buildings": "Term: 2, Days: Mon Wed Fri, Start Time: 11:00, End Time: 12:00, Building: Hebb, Room: B112\n", "instructor": "LOUGHEED, CHRISTOPHER"}, "Title": "AMNE346"}