{"DocumentId": "s3://ubc-scraped-courses/AMNE/440A.txt", "Attributes": {"_category": "AMNE", "courseNumber": "440A", "ubcURI": "https://courses.students.ubc.ca/cs/courseschedule?pname=subjarea&tname=subj-course&dept=AMNE&course=440A", "description": "Selected topics in the literature, ideas, and arts of the ancient Mediterranean, Near East and/or Egypt, with an emphasis on research. A maximum of 12 credits will be granted for AMNE 440 and CLST 402. Students should consult the AMNE Undergraduate Advisor before registering.", "credit": "3", "mode_of_delivery": "In-Person", "requires_in_person_attendance": "Yes", "date_buildings": "Term: 2, Days: Mon Wed Fri, Start Time: 12:00, End Time: 13:00, Building: Irving, Room: K\n", "instructor": "MARSHALL, CHRISTOPHER WARREN"}, "Title": "AMNE440A"}