{"DocumentId": "s3://ubc-scraped-courses/AMNE/441.txt", "Attributes": {"_category": "AMNE", "courseNumber": "441", "ubcURI": "https://courses.students.ubc.ca/cs/courseschedule?pname=subjarea&tname=subj-course&dept=AMNE&course=441", "description": "Topics in the main genres and texts of Egyptian and/or Ancient Near Eastern Literature and their modern interpretation. A maximum of 6 credits will be granted for AMNE 441, NEST 401, NEST 505, and AMNE 541. Students should consult the AMNE Undergraduate Advisor before registering.", "credit": "3", "mode_of_delivery": "In-Person", "requires_in_person_attendance": "Yes", "date_buildings": "Term: 2, Days: Thu, Start Time: 14:00, End Time: 17:00, Building: Irving, Room: K\n", "instructor": "MONROE, MARTIN"}, "Title": "AMNE441"}