{"DocumentId": "s3://ubc-scraped-courses/AMNE/461C.txt", "Attributes": {"_category": "AMNE", "courseNumber": "461C", "ubcURI": "https://courses.students.ubc.ca/cs/courseschedule?pname=subjarea&tname=subj-course&dept=AMNE&course=461C", "description": "Selected topics in biblical and related texts. A maximum of 6 credits will be granted for AMNE 461 or RELG 475. Students should consult the AMNE Undergraduate Advisor before registering.", "credit": "3", "mode_of_delivery": "In-Person", "requires_in_person_attendance": "Yes", "date_buildings": "Term: 1, Days: Mon Wed Fri, Start Time: 9:00, End Time: 10:00, Building: Buchanan, Room: B316\n", "instructor": "YOO, PHILIP"}, "Title": "AMNE461C"}