{"DocumentId": "s3://ubc-scraped-courses/AMNE/470A.txt", "Attributes": {"_category": "AMNE", "courseNumber": "470A", "ubcURI": "https://courses.students.ubc.ca/cs/courseschedule?pname=subjarea&tname=subj-course&dept=AMNE&course=470A", "description": "Selected topics in the art, archaeology and/or architecture of the ancient Mediterranean, Near East and/or Egypt, with an emphasis on research. A maximum of 12 credits will be granted for AMNE 470 and CLST 403. Students should consult the AMNE Undergraduate Advisor before registering.", "credit": "3", "mode_of_delivery": "In-Person", "requires_in_person_attendance": "Yes", "date_buildings": "Term: 1, Days: Mon Fri, Start Time: 17:00, End Time: 18:30, Building: Buchanan, Room: D213\n", "instructor": "DANIELS, MEGAN"}, "Title": "AMNE470A"}