{"DocumentId": "s3://ubc-scraped-courses/AMNE/500C.txt", "Attributes": {"_category": "AMNE", "courseNumber": "500C", "ubcURI": "https://courses.students.ubc.ca/cs/courseschedule?pname=subjarea&tname=subj-course&dept=AMNE&course=500C", "description": "A maximum of 6 credits will be granted for AMNE 500 or CNRS 500. Students should consult the AMNE Graduate Advisor before registering.", "credit": "3", "mode_of_delivery": "In-Person", "requires_in_person_attendance": "Yes", "date_buildings": "Term: 1, Days: Thu, Start Time: 14:00, End Time: 17:00, Building: Buchanan, Room: B319\n", "instructor": "COUSLAND, ROBERT"}, "Title": "AMNE500C"}