{"DocumentId": "s3://ubc-scraped-courses/AMNE/540B.txt", "Attributes": {"_category": "AMNE", "courseNumber": "540B", "ubcURI": "https://courses.students.ubc.ca/cs/courseschedule?pname=subjarea&tname=subj-course&dept=AMNE&course=540B", "description": "A maximum of 12 credits will be granted for AMNE 540 or CNRS 503. Students should consult the AMNE Graduate Advisor before registering.", "credit": "3", "mode_of_delivery": "In-Person", "requires_in_person_attendance": "Yes", "date_buildings": "Term: 1, Days: Tue, Start Time: 13:00, End Time: 16:00, Building: Buchanan, Room: D216\n"}, "Title": "AMNE540B"}