{"DocumentId": "s3://ubc-scraped-courses/AMNE/572A.txt", "Attributes": {"_category": "AMNE", "courseNumber": "572A", "ubcURI": "https://courses.students.ubc.ca/cs/courseschedule?pname=subjarea&tname=subj-course&dept=AMNE&course=572A", "description": "A maximum of 6 credits will be granted for AMNE 572 or NEST 500. Students should consult the AMNE Graduate Advisor before registering.", "credit": "3", "mode_of_delivery": "In-Person", "requires_in_person_attendance": "Yes", "date_buildings": "Term: 2, Days: Tue, Start Time: 14:30, End Time: 17:30, Building: Frederic, Room: Lasserre\n", "instructor": "DANIELS, MEGAN"}, "Title": "AMNE572A"}