{"DocumentId": "s3://ubc-scraped-courses/AMNE/577B.txt", "Attributes": {"_category": "AMNE", "courseNumber": "577B", "ubcURI": "https://courses.students.ubc.ca/cs/courseschedule?pname=subjarea&tname=subj-course&dept=AMNE&course=577B", "description": "A maximum of 6 credits will be granted for AMNE 577 or CLST 519. Students should consult with the AMNE Graduate Advisor before registering.", "credit": "3", "mode_of_delivery": "In-Person", "requires_in_person_attendance": "Yes", "date_buildings": "Term: 1, Days: Tue, Start Time: 9:30, End Time: 12:30, Building: Buchanan, Room: D319\n", "instructor": "MCCARTY, MATTHEW"}, "Title": "AMNE577B"}