{"DocumentId": "s3://ubc-scraped-courses/AMNE/590A.txt", "Attributes": {"_category": "AMNE", "courseNumber": "590A", "ubcURI": "https://courses.students.ubc.ca/cs/courseschedule?pname=subjarea&tname=subj-course&dept=AMNE&course=590A", "description": "A maximum of 12 credits will be granted for AMNE 590 or CNRS 505. Students should consult the AMNE Graduate Advisor before registering.", "credit": "3", "mode_of_delivery": "In-Person", "requires_in_person_attendance": "Yes", "date_buildings": "Term: 2, Days: Tue, Start Time: 9:30, End Time: 12:30, Building: Buchanan, Room: D325\n", "instructor": "HUEMOELLER, KATHARINE"}, "Title": "AMNE590A"}