{"DocumentId": "s3://ubc-scraped-courses/ADHE/327.txt", "Attributes": {"_category": "ADHE", "courseNumber": "327", "ubcURI": "https://courses.students.ubc.ca/cs/courseschedule?pname=subjarea&tname=subj-course&dept=ADHE&course=327", "description": "Planning, conducting and evaluating instruction for adults. Consideration is given to different beliefs and ways of thinking about teaching.", "credit": "3", "mode_of_delivery": "Online", "requires_in_person_attendance": "No", "instructor": "TBA"}, "Title": "ADHE327"}