{"DocumentId": "s3://ubc-scraped-courses/ADHE/328.txt", "Attributes": {"_category": "ADHE", "courseNumber": "328", "ubcURI": "https://courses.students.ubc.ca/cs/courseschedule?pname=subjarea&tname=subj-course&dept=ADHE&course=328", "description": "The history, roles, and activities of institutions in the field of adult education. Institutions in Canada, Great Britain, and the United States are emphasized, and some experiences in other countries are examined.", "credit": "3", "mode_of_delivery": "Online", "requires_in_person_attendance": "No", "instructor": "TBA"}, "Title": "ADHE328"}