{"DocumentId": "s3://ubc-scraped-courses/ADHE/329.txt", "Attributes": {"_category": "ADHE", "courseNumber": "329", "ubcURI": "https://courses.students.ubc.ca/cs/courseschedule?pname=subjarea&tname=subj-course&dept=ADHE&course=329", "description": "Organization and administration of adult education events such as short courses, seminars, workshops, conferences and institutes.", "credit": "3", "mode_of_delivery": "Online", "requires_in_person_attendance": "No", "instructor": "TBA"}, "Title": "ADHE329"}