{"DocumentId": "s3://ubc-scraped-courses/ADHE/330.txt", "Attributes": {"_category": "ADHE", "courseNumber": "330", "ubcURI": "https://courses.students.ubc.ca/cs/courseschedule?pname=subjarea&tname=subj-course&dept=ADHE&course=330", "description": "Community based adult education with particular emphasis on the application of knowledge of the social, economic, cultural and political environment in developing and conducting adult education programs with an for individuals and groups.", "credit": "3", "mode_of_delivery": "Online", "requires_in_person_attendance": "No", "instructor": "TBA"}, "Title": "ADHE330"}