{"DocumentId": "s3://ubc-scraped-courses/ADHE/412.txt", "Attributes": {"_category": "ADHE", "courseNumber": "412", "ubcURI": "https://courses.students.ubc.ca/cs/courseschedule?pname=subjarea&tname=subj-course&dept=ADHE&course=412", "description": "Survey of adult education theory and practice in Canada and the world. The focus is on the purpose and participation in, adult education, characteristics of learners, and the training of adult educators.", "credit": "3", "mode_of_delivery": "Online", "requires_in_person_attendance": "No", "instructor": "TBA"}, "Title": "ADHE412"}