{"DocumentId": "s3://ubc-scraped-courses/ANTH/100A.txt", "Attributes": {"_category": "ANTH", "courseNumber": "100A", "ubcURI": "https://courses.students.ubc.ca/cs/courseschedule?pname=subjarea&tname=subj-course&dept=ANTH&course=100A", "description": "Basic concepts and methods of anthropology; culture and race; comparative study of social systems, religion, symbolism, art, and other institutions. Examples are drawn from a variety of cultures.", "credit": "n/a", "mode_of_delivery": "In-Person", "requires_in_person_attendance": "Yes", "date_buildings": "Term: 2, Days: Fri, Start Time: 15:00, End Time: 16:00, Building: Anthropology, Room: and\n", "instructor": "TBA"}, "Title": "ANTH100A"}