{"DocumentId": "s3://ubc-scraped-courses/ANTH/201.txt", "Attributes": {"_category": "ANTH", "courseNumber": "201", "ubcURI": "https://courses.students.ubc.ca/cs/courseschedule?pname=subjarea&tname=subj-course&dept=ANTH&course=201", "description": "Anthropological critiques of racism, colonialism and ongoing structural inequalities.", "credit": "3", "mode_of_delivery": "In-Person", "requires_in_person_attendance": "Yes", "date_buildings": "Term: 1, Days: Mon Wed, Start Time: 9:30, End Time: 11:00, Building: Hennings, Room: 202\n", "instructor": "RYNIKER, DAVID"}, "Title": "ANTH201"}