{"DocumentId": "s3://ubc-scraped-courses/ANTH/202A.txt", "Attributes": {"_category": "ANTH", "courseNumber": "202A", "ubcURI": "https://courses.students.ubc.ca/cs/courseschedule?pname=subjarea&tname=subj-course&dept=ANTH&course=202A", "description": "Contemporary Social Problems - ANTH CON SOC PRB", "credit": "3", "mode_of_delivery": "In-Person", "requires_in_person_attendance": "Yes", "date_buildings": "Term: 1, Days: Tue, Start Time: 11:00, End Time: 12:30, Building: Mathematics, Room: 100\n", "instructor": "KINGSBURY, KATE"}, "Title": "ANTH202A"}