{"DocumentId": "s3://ubc-scraped-courses/ANTH/202B.txt", "Attributes": {"_category": "ANTH", "courseNumber": "202B", "ubcURI": "https://courses.students.ubc.ca/cs/courseschedule?pname=subjarea&tname=subj-course&dept=ANTH&course=202B", "description": "Contemporary Social Problems - ANTH CON SOC PRB", "credit": "3", "mode_of_delivery": "In-Person", "requires_in_person_attendance": "Yes", "date_buildings": "Term: 2, Days: Tue Thu, Start Time: 9:30, End Time: 11:00, Building: Buchanan, Room: D222\n", "instructor": "LEVELL, NICOLA"}, "Title": "ANTH202B"}