{"DocumentId": "s3://ubc-scraped-courses/ANTH/202E.txt", "Attributes": {"_category": "ANTH", "courseNumber": "202E", "ubcURI": "https://courses.students.ubc.ca/cs/courseschedule?pname=subjarea&tname=subj-course&dept=ANTH&course=202E", "description": "Contemporary Social Problems - ANTH CON SOC PRB", "credit": "3", "mode_of_delivery": "Online", "requires_in_person_attendance": "No", "date_buildings": "Term: 1, Days: Tue Thu, Start Time: 14:00, End Time: 15:30, Building: To, Room: Be\n", "instructor": "ROBERTSON, HEATHER"}, "Title": "ANTH202E"}