{"DocumentId": "s3://ubc-scraped-courses/ANTH/203.txt", "Attributes": {"_category": "ANTH", "courseNumber": "203", "ubcURI": "https://courses.students.ubc.ca/cs/courseschedule?pname=subjarea&tname=subj-course&dept=ANTH&course=203", "description": "Illicit and/or licit drugs through historical, political, cultural and societal examples.", "credit": "3", "mode_of_delivery": "In-Person", "requires_in_person_attendance": "Yes", "date_buildings": "Term: 2, Days: Tue Thu, Start Time: 11:00, End Time: 12:30, Building: Geography, Room: 100\n", "instructor": "GUSTERSON, HUGH PHILLIMORE"}, "Title": "ANTH203"}