{"DocumentId": "s3://ubc-scraped-courses/ANTH/205.txt", "Attributes": {"_category": "ANTH", "courseNumber": "205", "ubcURI": "https://courses.students.ubc.ca/cs/courseschedule?pname=subjarea&tname=subj-course&dept=ANTH&course=205", "description": "Analysis of insurrections and revolutions from a comparative perspective.", "credit": "3", "mode_of_delivery": "In-Person", "requires_in_person_attendance": "Yes", "date_buildings": "Term: 1, Days: Tue Thu, Start Time: 15:30, End Time: 17:00, Building: Hennings, Room: 202\n", "instructor": "GORDILLO, GASTON"}, "Title": "ANTH205"}