{"DocumentId": "s3://ubc-scraped-courses/ANTH/206.txt", "Attributes": {"_category": "ANTH", "courseNumber": "206", "ubcURI": "https://courses.students.ubc.ca/cs/courseschedule?pname=subjarea&tname=subj-course&dept=ANTH&course=206", "description": "Anthropological approaches to supernatural beliefs in both traditional and contemporary societies.", "credit": "3", "mode_of_delivery": "In-Person", "requires_in_person_attendance": "Yes", "date_buildings": "Term: 2, Days: Mon Wed, Start Time: 9:30, End Time: 11:00, Building: Hennings, Room: 202\n", "instructor": "MAGLIOCCO, SABINA"}, "Title": "ANTH206"}