{"DocumentId": "s3://ubc-scraped-courses/ANTH/210.txt", "Attributes": {"_category": "ANTH", "courseNumber": "210", "ubcURI": "https://courses.students.ubc.ca/cs/courseschedule?pname=subjarea&tname=subj-course&dept=ANTH&course=210", "description": "An anthropological exploration of how the collection, cultivation and consumption of food shapes human society and culture.", "credit": "3", "mode_of_delivery": "In-Person", "requires_in_person_attendance": "Yes", "date_buildings": "Term: 1, Days: Tue Thu, Start Time: 11:00, End Time: 12:30, Building: Irving, Room: K\n", "instructor": "HEATHERINGTON, TRACEY"}, "Title": "ANTH210"}