{"DocumentId": "s3://ubc-scraped-courses/ANTH/213.txt", "Attributes": {"_category": "ANTH", "courseNumber": "213", "ubcURI": "https://courses.students.ubc.ca/cs/courseschedule?pname=subjarea&tname=subj-course&dept=ANTH&course=213", "description": "An anthropological exploration of how understandings of sex and gender are culturally and historically shaped.", "credit": "3", "mode_of_delivery": "In-Person", "requires_in_person_attendance": "Yes", "date_buildings": "Term: 2, Days: Tue Thu, Start Time: 15:30, End Time: 17:00, Building: Centre, Room: for\n", "instructor": "SARI, ELIF"}, "Title": "ANTH213"}