{"DocumentId": "s3://ubc-scraped-courses/ANTH/215.txt", "Attributes": {"_category": "ANTH", "courseNumber": "215", "ubcURI": "https://courses.students.ubc.ca/cs/courseschedule?pname=subjarea&tname=subj-course&dept=ANTH&course=215", "description": "Television shows, dramas, movies, advertising, marketing, manga (Japanese style \"comics\"), anime (Japanese animation), theatrical forms, popular literature, popular music, fashion fads, tourism, toys, and sports.", "credit": "3", "mode_of_delivery": "In-Person", "requires_in_person_attendance": "Yes", "date_buildings": "Term: 1, Days: Tue Thu, Start Time: 14:00, End Time: 15:30, Building: Buchanan, Room: A102\n", "instructor": "NANTAIS, SIMON"}, "Title": "ANTH215"}