{"DocumentId": "s3://ubc-scraped-courses/ANTH/217.txt", "Attributes": {"_category": "ANTH", "courseNumber": "217", "ubcURI": "https://courses.students.ubc.ca/cs/courseschedule?pname=subjarea&tname=subj-course&dept=ANTH&course=217", "description": "Culture and Communication", "credit": "3", "mode_of_delivery": "In-Person", "requires_in_person_attendance": "Yes", "date_buildings": "Term: 1, Days: Tue Thu, Start Time: 9:30, End Time: 11:00, Building: Mathematics, Room: Annex\n", "instructor": "ROSENBLUM, DAISY"}, "Title": "ANTH217"}