{"DocumentId": "s3://ubc-scraped-courses/ANTH/220.txt", "Attributes": {"_category": "ANTH", "courseNumber": "220", "ubcURI": "https://courses.students.ubc.ca/cs/courseschedule?pname=subjarea&tname=subj-course&dept=ANTH&course=220", "description": "Anthropological perspectives on contemporary Indigenous issues in British Columbia.", "credit": "3", "mode_of_delivery": "In-Person", "requires_in_person_attendance": "Yes", "date_buildings": "Term: 2, Days: Tue Thu, Start Time: 9:30, End Time: 11:00, Building: Buchanan, Room: A201\n", "instructor": "MENZIES, CHARLES"}, "Title": "ANTH220"}