{"DocumentId": "s3://ubc-scraped-courses/ANTH/227.txt", "Attributes": {"_category": "ANTH", "courseNumber": "227", "ubcURI": "https://courses.students.ubc.ca/cs/courseschedule?pname=subjarea&tname=subj-course&dept=ANTH&course=227", "description": "An examination of health and illness, in their social and cultural contexts.", "credit": "3", "mode_of_delivery": "In-Person", "requires_in_person_attendance": "Yes", "date_buildings": "Term: 1, Days: Mon Wed, Start Time: 14:00, End Time: 15:30, Building: Irving, Room: K\n", "instructor": "WAINER, RAFAEL"}, "Title": "ANTH227"}