{"DocumentId": "s3://ubc-scraped-courses/ANTH/300A.txt", "Attributes": {"_category": "ANTH", "courseNumber": "300A", "ubcURI": "https://courses.students.ubc.ca/cs/courseschedule?pname=subjarea&tname=subj-course&dept=ANTH&course=300A", "description": "Contemporary Anthropological Theory - CONTMP ANTH THRY", "prereq": "Pre-reqs: (ANTH 200 is recommended.)", "credit": "3", "mode_of_delivery": "In-Person", "requires_in_person_attendance": "Yes", "date_buildings": "Term: 2, Days: Mon Wed, Start Time: 11:00, End Time: 12:30, Building: Geography, Room: 212\n", "instructor": "KAMAT, VINAY RAMNATH"}, "Title": "ANTH300A"}