{"DocumentId": "s3://ubc-scraped-courses/ANTH/302A.txt", "Attributes": {"_category": "ANTH", "courseNumber": "302A", "ubcURI": "https://courses.students.ubc.ca/cs/courseschedule?pname=subjarea&tname=subj-course&dept=ANTH&course=302A", "description": "Ethnography of South Asia - ETHNOGR STH ASIA", "credit": "3", "mode_of_delivery": "In-Person", "requires_in_person_attendance": "Yes", "date_buildings": "Term: 2, Days: Mon Wed, Start Time: 9:30, End Time: 11:00, Building: West, Room: Mall\n", "instructor": "HAYAT, ZAHRA"}, "Title": "ANTH302A"}