{"DocumentId": "s3://ubc-scraped-courses/ANTH/303A.txt", "Attributes": {"_category": "ANTH", "courseNumber": "303A", "ubcURI": "https://courses.students.ubc.ca/cs/courseschedule?pname=subjarea&tname=subj-course&dept=ANTH&course=303A", "description": "Ethnography of Special Areas - ETHNO SPEC AREAS", "credit": "3", "mode_of_delivery": "In-Person", "requires_in_person_attendance": "Yes", "date_buildings": "Term: 2, Days: Tue Thu, Start Time: 11:00, End Time: 12:30, Building: Leon, Room: and\n", "instructor": "ALAICA, ALEKSA"}, "Title": "ANTH303A"}