{"DocumentId": "s3://ubc-scraped-courses/ANTH/307A.txt", "Attributes": {"_category": "ANTH", "courseNumber": "307A", "ubcURI": "https://courses.students.ubc.ca/cs/courseschedule?pname=subjarea&tname=subj-course&dept=ANTH&course=307A", "description": "An exploration of ethnographic, topical, and theoretical issues.", "credit": "3", "mode_of_delivery": "In-Person", "requires_in_person_attendance": "Yes", "date_buildings": "Term: 1, Days: Tue Thu, Start Time: 11:00, End Time: 12:30, Building: Anthropology, Room: and\n", "instructor": "ALEXANDER, ELIAS"}, "Title": "ANTH307A"}