{"DocumentId": "s3://ubc-scraped-courses/ANTH/311.txt", "Attributes": {"_category": "ANTH", "courseNumber": "311", "ubcURI": "https://courses.students.ubc.ca/cs/courseschedule?pname=subjarea&tname=subj-course&dept=ANTH&course=311", "description": "Critical analysis of colonial experience and cultural representations of the Middle East, particularly visions of orientalism and geopolitical discourses. Draws on ethnographic literature to consider contemporary life and subjectivities.", "credit": "3", "mode_of_delivery": "In-Person", "requires_in_person_attendance": "Yes", "date_buildings": "Term: 1, Days: Mon Wed, Start Time: 9:30, End Time: 11:00, Building: MacLeod, Room: 2002\n", "instructor": "SHIVA, AMIRPOUYAN"}, "Title": "ANTH311"}