{"DocumentId": "s3://ubc-scraped-courses/ANTH/312.txt", "Attributes": {"_category": "ANTH", "courseNumber": "312", "ubcURI": "https://courses.students.ubc.ca/cs/courseschedule?pname=subjarea&tname=subj-course&dept=ANTH&course=312", "description": "Ethnographic and theoretical approaches to gender and sexuality, in cross-cultural context.", "credit": "3", "mode_of_delivery": "In-Person", "requires_in_person_attendance": "Yes", "date_buildings": "Term: 1, Days: Tue Thu, Start Time: 14:00, End Time: 15:30, Building: Anthropology, Room: and\n", "instructor": "SARI, ELIF"}, "Title": "ANTH312"}