{"DocumentId": "s3://ubc-scraped-courses/ANTH/315.txt", "Attributes": {"_category": "ANTH", "courseNumber": "315", "ubcURI": "https://courses.students.ubc.ca/cs/courseschedule?pname=subjarea&tname=subj-course&dept=ANTH&course=315", "description": "Japanese culture and society: patterns of organization, value systems, family, education, work, minorities and diversity, harmony and conflict, urban/rural differences, gender, sexuality, youth, tradition, continuity, change, and future prospects.", "credit": "3", "mode_of_delivery": "In-Person", "requires_in_person_attendance": "Yes", "date_buildings": "Term: 2, Days: Tue Thu, Start Time: 11:00, End Time: 12:30, Building: Anthropology, Room: and\n", "instructor": "CREIGHTON, MILLIE"}, "Title": "ANTH315"}