{"DocumentId": "s3://ubc-scraped-courses/ANTH/316.txt", "Attributes": {"_category": "ANTH", "courseNumber": "316", "ubcURI": "https://courses.students.ubc.ca/cs/courseschedule?pname=subjarea&tname=subj-course&dept=ANTH&course=316", "description": "Topics in political anthropology; ethnographic and theoretical approaches to nationalism, globalization, political systems, international movements and organizations; anthropology of the state.", "credit": "3", "mode_of_delivery": "In-Person", "requires_in_person_attendance": "Yes", "date_buildings": "Term: 1, Days: Mon Wed, Start Time: 12:30, End Time: 14:00, Building: Frederic, Room: Lasserre\n", "instructor": "ZEWERI, HELENA"}, "Title": "ANTH316"}