{"DocumentId": "s3://ubc-scraped-courses/ANTH/317A.txt", "Attributes": {"_category": "ANTH", "courseNumber": "317A", "ubcURI": "https://courses.students.ubc.ca/cs/courseschedule?pname=subjarea&tname=subj-course&dept=ANTH&course=317A", "description": "Linguistic Anthropology - LINGUISTIC ANTH", "credit": "3", "mode_of_delivery": "In-Person", "requires_in_person_attendance": "Yes", "date_buildings": "Term: 1, Days: Mon Wed, Start Time: 11:00, End Time: 12:30, Building: Buchanan, Room: B213\n", "instructor": "GAMBARAGE, JOASH"}, "Title": "ANTH317A"}