{"DocumentId": "s3://ubc-scraped-courses/ANTH/329A.txt", "Attributes": {"_category": "ANTH", "courseNumber": "329A", "ubcURI": "https://courses.students.ubc.ca/cs/courseschedule?pname=subjarea&tname=subj-course&dept=ANTH&course=329A", "description": "Anthropological perspectives on contemporary issues of public policy, law, and political activity, as they affect Indigenous Peoples in Canada and globally.", "prereq": "Pre-reqs: (ANTH 220 is recommended.)", "credit": "3", "mode_of_delivery": "In-Person", "requires_in_person_attendance": "Yes", "date_buildings": "Term: 2, Days: Mon Wed, Start Time: 12:30, End Time: 14:00, Building: Allard, Room: Hall\n", "instructor": "BLACKBURN, CAROLE"}, "Title": "ANTH329A"}