{"DocumentId": "s3://ubc-scraped-courses/ANTH/341A.txt", "Attributes": {"_category": "ANTH", "courseNumber": "341A", "ubcURI": "https://courses.students.ubc.ca/cs/courseschedule?pname=subjarea&tname=subj-course&dept=ANTH&course=341A", "description": "Museums, galleries, monuments, and other cultural institutions' relations to our perception of history and geography.", "credit": "3", "mode_of_delivery": "In-Person", "requires_in_person_attendance": "Yes", "date_buildings": "Term: 2, Days: Tue Thu, Start Time: 15:30, End Time: 17:00, Building: Buchanan, Room: B208\n", "instructor": "BALCOMBE, ERIKA"}, "Title": "ANTH341A"}