{"DocumentId": "s3://ubc-scraped-courses/ANTH/350A.txt", "Attributes": {"_category": "ANTH", "courseNumber": "350A", "ubcURI": "https://courses.students.ubc.ca/cs/courseschedule?pname=subjarea&tname=subj-course&dept=ANTH&course=350A", "description": "Major cultural groupings in Polynesia and Micronesia, emphasizing both traditional cultures and the incorporation of the region into modern international institutions.", "credit": "3", "mode_of_delivery": "In-Person", "requires_in_person_attendance": "Yes", "date_buildings": "Term: 1, Days: Tue Thu, Start Time: 12:30, End Time: 14:00, Building: Henry, Room: Angus\n", "instructor": "RYNIKER, DAVID"}, "Title": "ANTH350A"}