{"DocumentId": "s3://ubc-scraped-courses/ANTH/360.txt", "Attributes": {"_category": "ANTH", "courseNumber": "360", "ubcURI": "https://courses.students.ubc.ca/cs/courseschedule?pname=subjarea&tname=subj-course&dept=ANTH&course=360", "description": "Introduction to Ecological Anthropology", "credit": "3", "mode_of_delivery": "In-Person", "requires_in_person_attendance": "Yes", "date_buildings": "Term: 2, Days: Tue Thu, Start Time: 14:00, End Time: 15:30, Building: Chemistry, Room: C126\n", "instructor": "HEATHERINGTON, TRACEY"}, "Title": "ANTH360"}