{"DocumentId": "s3://ubc-scraped-courses/ANTH/378.txt", "Attributes": {"_category": "ANTH", "courseNumber": "378", "ubcURI": "https://courses.students.ubc.ca/cs/courseschedule?pname=subjarea&tname=subj-course&dept=ANTH&course=378", "description": "Anthropology of Media", "credit": "3", "mode_of_delivery": "Hybrid", "requires_in_person_attendance": "No", "date_buildings": "Term: 2, Days: Mon Wed Fri, Start Time: 13:00, End Time: 14:00, Building: Buchanan, Room: A202\n", "instructor": "SHIVA, AMIRPOUYAN"}, "Title": "ANTH378"}