{"DocumentId": "s3://ubc-scraped-courses/ANTH/400A.txt", "Attributes": {"_category": "ANTH", "courseNumber": "400A", "ubcURI": "https://courses.students.ubc.ca/cs/courseschedule?pname=subjarea&tname=subj-course&dept=ANTH&course=400A", "description": "History of Anthropology - HISTORY OF ANTH", "prereq": "Pre-reqs: ANTH 300.", "credit": "3", "mode_of_delivery": "In-Person", "requires_in_person_attendance": "Yes", "date_buildings": "Term: 2, Days: Mon Wed, Start Time: 15:30, End Time: 17:00, Building: Leonard, Room: S.\n", "instructor": "ZEWERI, HELENA"}, "Title": "ANTH400A"}