{"DocumentId": "s3://ubc-scraped-courses/ANTH/407.txt", "Attributes": {"_category": "ANTH", "courseNumber": "407", "ubcURI": "https://courses.students.ubc.ca/cs/courseschedule?pname=subjarea&tname=subj-course&dept=ANTH&course=407", "description": "Principles of Field Work", "credit": "3", "mode_of_delivery": "In-Person", "requires_in_person_attendance": "Yes", "date_buildings": "Term: 1, Days: Mon Wed, Start Time: 15:30, End Time: 17:00, Building: Buchanan, Room: D317\n", "instructor": "SHIVA, AMIRPOUYAN"}, "Title": "ANTH407"}