{"DocumentId": "s3://ubc-scraped-courses/ANTH/414.txt", "Attributes": {"_category": "ANTH", "courseNumber": "414", "ubcURI": "https://courses.students.ubc.ca/cs/courseschedule?pname=subjarea&tname=subj-course&dept=ANTH&course=414", "description": "Theories on the global flow of people, commodities, images, and ideas with critical ethnographic attention to the different ways people respond to globalization.", "credit": "3", "mode_of_delivery": "In-Person", "requires_in_person_attendance": "Yes", "date_buildings": "Term: 2, Days: Tue Thu, Start Time: 14:00, End Time: 15:30, Building: Anthropology, Room: and\n", "instructor": "CREIGHTON, MILLIE"}, "Title": "ANTH414"}