{"DocumentId": "s3://ubc-scraped-courses/ANTH/418.txt", "Attributes": {"_category": "ANTH", "courseNumber": "418", "ubcURI": "https://courses.students.ubc.ca/cs/courseschedule?pname=subjarea&tname=subj-course&dept=ANTH&course=418", "description": "Applications of statistical techniques to quantitative and qualitative data in Anthropology.", "credit": "3", "mode_of_delivery": "In-Person", "requires_in_person_attendance": "Yes", "date_buildings": "Term: 2, Days: Mon Wed, Start Time: 9:30, End Time: 11:00, Building: Leon, Room: and\n", "instructor": "ROBERTSON, HEATHER"}, "Title": "ANTH418"}