{"DocumentId": "s3://ubc-scraped-courses/ANTH/429.txt", "Attributes": {"_category": "ANTH", "courseNumber": "429", "ubcURI": "https://courses.students.ubc.ca/cs/courseschedule?pname=subjarea&tname=subj-course&dept=ANTH&course=429", "description": "Includes examination of the social and cultural dimensions of specific life-threatening emerging and re-emerging infectious diseases, the political economy of health, cultural interpretations of illness and healing, medical pluralism, therapy management, and the cultural construction of efficacy.", "credit": "3", "mode_of_delivery": "In-Person", "requires_in_person_attendance": "Yes", "date_buildings": "Term: 2, Days: Mon Wed, Start Time: 15:30, End Time: 17:00, Building: Buchanan, Room: D322\n", "instructor": "KAMAT, VINAY RAMNATH"}, "Title": "ANTH429"}