{"DocumentId": "s3://ubc-scraped-courses/ANTH/430.txt", "Attributes": {"_category": "ANTH", "courseNumber": "430", "ubcURI": "https://courses.students.ubc.ca/cs/courseschedule?pname=subjarea&tname=subj-course&dept=ANTH&course=430", "description": "Indigenous perspectives on governance, authority, and jurisdiction as applied to British Columbia First Nations. Recommended: ANTH 220.", "credit": "3", "mode_of_delivery": "In-Person", "requires_in_person_attendance": "Yes", "date_buildings": "Term: 2, Days: Tue, Start Time: 17:00, End Time: 20:00, Building: Anthropology, Room: and\n", "instructor": "MENZIES, CHARLES"}, "Title": "ANTH430"}