{"DocumentId": "s3://ubc-scraped-courses/ANTH/431C.txt", "Attributes": {"_category": "ANTH", "courseNumber": "431C", "ubcURI": "https://courses.students.ubc.ca/cs/courseschedule?pname=subjarea&tname=subj-course&dept=ANTH&course=431C", "description": "Museum Practice and Curatorship - MUS PRC&CURATRSH", "prereq": "Pre-reqs: ANTH 341.", "credit": "6", "mode_of_delivery": "In-Person", "requires_in_person_attendance": "Yes", "date_buildings": "Term: 1, Days: Tue Thu, Start Time: 14:00, End Time: 15:30\n", "instructor": "LEVELL, NICOLA"}, "Title": "ANTH431C"}