{"DocumentId": "s3://ubc-scraped-courses/ANTH/433A.txt", "Attributes": {"_category": "ANTH", "courseNumber": "433A", "ubcURI": "https://courses.students.ubc.ca/cs/courseschedule?pname=subjarea&tname=subj-course&dept=ANTH&course=433A", "description": "General reading and/or a research undertaking, with the agreement, and under the supervision, of a Department faculty member selected by the student. No more than six credits of Directed Studies may be taken for credit toward the Major or Honours program.", "credit": "3", "mode_of_delivery": "In-Person", "requires_in_person_attendance": "Yes", "instructor": "TBA"}, "Title": "ANTH433A"}