{"DocumentId": "s3://ubc-scraped-courses/ANTH/437.txt", "Attributes": {"_category": "ANTH", "courseNumber": "437", "ubcURI": "https://courses.students.ubc.ca/cs/courseschedule?pname=subjarea&tname=subj-course&dept=ANTH&course=437", "description": "Anthropological approaches to foodways and agricultural sustainability, particularly small-scale producers and communities. Includes ethnographic analysis of food movements, food systems and the socio-economic contexts of food provisioning and food production. Recommended: Third year status.", "prereq": "Pre-reqs: (Second year standing.)", "credit": "3", "mode_of_delivery": "In-Person", "requires_in_person_attendance": "Yes", "date_buildings": "Term: 1, Days: Tue Thu, Start Time: 15:30, End Time: 17:00, Building: Allard, Room: Hall\n", "instructor": "HEATHERINGTON, TRACEY"}, "Title": "ANTH437"}