{"DocumentId": "s3://ubc-scraped-courses/ANTH/452.txt", "Attributes": {"_category": "ANTH", "courseNumber": "452", "ubcURI": "https://courses.students.ubc.ca/cs/courseschedule?pname=subjarea&tname=subj-course&dept=ANTH&course=452", "description": "Conservation of inorganic materials within a museum environment; the nature of materials, mechanisms of deterioration and principles of preventive conservation. Recommended for students intending to work with cultural materials.", "prereq": "Pre-reqs: (Permission of instructor is required.)", "credit": "3", "mode_of_delivery": "In-Person", "requires_in_person_attendance": "Yes", "date_buildings": "Term: 2, Days: Mon, Start Time: 14:00, End Time: 17:00\n", "instructor": "SWIERENGA, HEIDI"}, "Title": "ANTH452"}