{"DocumentId": "s3://ubc-scraped-courses/ANTH/495A.txt", "Attributes": {"_category": "ANTH", "courseNumber": "495A", "ubcURI": "https://courses.students.ubc.ca/cs/courseschedule?pname=subjarea&tname=subj-course&dept=ANTH&course=495A", "description": "Advanced Studies in Anthropology - ADV STUDIES", "credit": "3", "mode_of_delivery": "In-Person", "requires_in_person_attendance": "Yes", "date_buildings": "Term: 1, Days: Tue Thu, Start Time: 11:00, End Time: 12:30, Building: Anthropology, Room: and\n", "instructor": "MILLER, BRUCE"}, "Title": "ANTH495A"}