{"DocumentId": "s3://ubc-scraped-courses/ANTH/495B.txt", "Attributes": {"_category": "ANTH", "courseNumber": "495B", "ubcURI": "https://courses.students.ubc.ca/cs/courseschedule?pname=subjarea&tname=subj-course&dept=ANTH&course=495B", "description": "Advanced Studies in Anthropology - ADV STUDIES", "credit": "3", "mode_of_delivery": "In-Person", "requires_in_person_attendance": "Yes", "date_buildings": "Term: 1, Days: Fri, Start Time: 14:00, End Time: 16:00, Building: Anthropology, Room: and\n", "instructor": "SPELLER, CAMILLA"}, "Title": "ANTH495B"}