{"DocumentId": "s3://ubc-scraped-courses/ANTH/500.txt", "Attributes": {"_category": "ANTH", "courseNumber": "500", "ubcURI": "https://courses.students.ubc.ca/cs/courseschedule?pname=subjarea&tname=subj-course&dept=ANTH&course=500", "description": "Various approaches to anthropology, from classical to contemporary.", "credit": "6", "mode_of_delivery": "In-Person", "requires_in_person_attendance": "Yes", "date_buildings": "Term: 2, Days: Wed, Start Time: 11:00, End Time: 14:00, Building: Anthropology, Room: and\n", "instructor": "GORDILLO, GASTON"}, "Title": "ANTH500"}