{"DocumentId": "s3://ubc-scraped-courses/ANTH/506A.txt", "Attributes": {"_category": "ANTH", "courseNumber": "506A", "ubcURI": "https://courses.students.ubc.ca/cs/courseschedule?pname=subjarea&tname=subj-course&dept=ANTH&course=506A", "description": "The relationship between current theoretical issues and research methods.", "credit": "3", "mode_of_delivery": "In-Person", "requires_in_person_attendance": "Yes", "date_buildings": "Term: 2, Days: Thu, Start Time: 12:30, End Time: 14:00, Building: Anthropology, Room: and\n", "instructor": "SARI, ELIF"}, "Title": "ANTH506A"}