{"DocumentId": "s3://ubc-scraped-courses/ANTH/516.txt", "Attributes": {"_category": "ANTH", "courseNumber": "516", "ubcURI": "https://courses.students.ubc.ca/cs/courseschedule?pname=subjarea&tname=subj-course&dept=ANTH&course=516", "description": "A discussion of selected methods used to observe, describe, and interpret cultural phenomena and social organization, including participant observation, interviewing, ethnographic semantics, life histories, componential analysis, and photography. Attention will also be given to ethics in anthropological research and writing and to such analytic matters as the nature of description, conceptualization, generalization, and content analysis.", "credit": "3", "mode_of_delivery": "In-Person", "requires_in_person_attendance": "Yes", "date_buildings": "Term: 2, Days: Tue, Start Time: 14:00, End Time: 17:00, Building: Irving, Room: K\n", "instructor": "GUSTERSON, HUGH PHILLIMORE"}, "Title": "ANTH516"}