{"DocumentId": "s3://ubc-scraped-courses/ANTH/517.txt", "Attributes": {"_category": "ANTH", "courseNumber": "517", "ubcURI": "https://courses.students.ubc.ca/cs/courseschedule?pname=subjarea&tname=subj-course&dept=ANTH&course=517", "description": "A discussion of selected basic data-gathering methods in their relation to the development of ideas about the archaeological record.", "credit": "3", "mode_of_delivery": "In-Person", "requires_in_person_attendance": "Yes", "date_buildings": "Term: 1, Days: Mon Wed, Start Time: 15:30, End Time: 17:00, Building: Anthropology, Room: and\n", "instructor": "MARTINDALE, ANDREW"}, "Title": "ANTH517"}