{"name":"CourseType","identifier":"FO7218E5JX","description":"Topics a course may cover, such as astronomy, coding, biology.","slotTypeValues":[{"synonyms":null,"sampleValue":{"value":"astronomy"}},{"synonyms":null,"sampleValue":{"value":"coding"}},{"synonyms":null,"sampleValue":{"value":"machine learning"}},{"synonyms":null,"sampleValue":{"value":"math"}},{"synonyms":null,"sampleValue":{"value":"psychology"}},{"synonyms":null,"sampleValue":{"value":"asian studies"}},{"synonyms":null,"sampleValue":{"value":"sex education"}},{"synonyms":null,"sampleValue":{"value":"human biology"}},{"synonyms":null,"sampleValue":{"value":"plants"}},{"synonyms":null,"sampleValue":{"value":"chinese"}},{"synonyms":null,"sampleValue":{"value":"languages"}},{"synonyms":null,"sampleValue":{"value":"movies and film"}}],"parentSlotTypeSignature":null,"valueSelectionSetting":{"resolutionStrategy":"ORIGINAL_VALUE","regexFilter":null}}