{"DocumentId": "s3://ubc-scraped-courses/AFST/250A.txt", "Attributes": {"_category": "AFST", "courseNumber": "250A", "ubcURI": "https://courses.students.ubc.ca/cs/courseschedule?pname=subjarea&tname=subj-course&dept=AFST&course=250A", "description": "Cultural, historical, and geographical issues of African Studies.", "credit": "3", "mode_of_delivery": "In-Person", "requires_in_person_attendance": "Yes", "date_buildings": "Term: 2, Days: Tue Thu, Start Time: 14:00, End Time: 15:30, Building: Leon, Room: and\n", "instructor": "GBOLONYO, JUSTICE"}, "Title": "AFST250A"}