{"DocumentId": "s3://ubc-scraped-courses/AFST/308.txt", "Attributes": {"_category": "AFST", "courseNumber": "308", "ubcURI": "https://courses.students.ubc.ca/cs/courseschedule?pname=subjarea&tname=subj-course&dept=AFST&course=308", "description": "Linguistic survey of the languages of Africa, including typological and historical connections between languages, individual and comparative surveys of sound systems, word structures, sentence structures, semantics, and sociolinguistic properties of a representative selection of languages.", "credit": "3", "mode_of_delivery": "In-Person", "requires_in_person_attendance": "Yes", "date_buildings": "Term: 2, Days: Mon Wed, Start Time: 15:30, End Time: 17:00, Building: Forest, Room: Sciences\n", "instructor": "GAMBARAGE, JOASH"}, "Title": "AFST308"}