{"DocumentId": "s3://ubc-scraped-courses/AFST/351A.txt", "Attributes": {"_category": "AFST", "courseNumber": "351A", "ubcURI": "https://courses.students.ubc.ca/cs/courseschedule?pname=subjarea&tname=subj-course&dept=AFST&course=351A", "description": "Major issues and theoretical approaches.", "coreq": "Co-reqs: AFST 250.", "credit": "3", "mode_of_delivery": "In-Person", "requires_in_person_attendance": "Yes", "date_buildings": "Term: 1, Days: Mon Wed Fri, Start Time: 15:00, End Time: 16:00, Building: Buchanan, Room: B213\n", "instructor": "DINAT, DEENA"}, "Title": "AFST351A"}