{"DocumentId": "s3://ubc-scraped-courses/AFST/352A.txt", "Attributes": {"_category": "AFST", "courseNumber": "352A", "ubcURI": "https://courses.students.ubc.ca/cs/courseschedule?pname=subjarea&tname=subj-course&dept=AFST&course=352A", "description": "Major issues and theoretical approaches.", "coreq": "Co-reqs: AFST 250.", "credit": "3", "mode_of_delivery": "In-Person", "requires_in_person_attendance": "Yes", "date_buildings": "Term: 2, Days: Tue Thu, Start Time: 11:00, End Time: 12:30, Building: Buchanan, Room: B218\n", "instructor": "GBOLONYO, JUSTICE"}, "Title": "AFST352A"}