{"DocumentId": "s3://ubc-scraped-courses/AFST/370A.txt", "Attributes": {"_category": "AFST", "courseNumber": "370A", "ubcURI": "https://courses.students.ubc.ca/cs/courseschedule?pname=subjarea&tname=subj-course&dept=AFST&course=370A", "description": "Literary and cultural works from Africa; some sections include Africa and the Middle East. Multiple perspectives on local, national, and global issues including colonialism, migration, transnationalism, education, art and politics. May include fiction, poetry, drama, digital media, and other forms. Consult department website for current year's offerings.", "prereq": "Pre-reqs: (Third-year standing and 3 credits from one of (a) 100-level ENGL or (b) 200-level ENGL or (c) ARTS 001 or (d) ASTU 100 or (e) ASTU 101 or (f) WRDS 150 or (g) WRDS 350. 6 credits of 100- and/or 200-level English courses is recommended. Prerequisites must be met by the first day of class or students will be withdrawn.)", "credit": "3", "mode_of_delivery": "In-Person", "requires_in_person_attendance": "Yes", "date_buildings": "Term: 1, Days: Mon Wed Fri, Start Time: 13:00, End Time: 14:00, Building: Leon, Room: and\n", "instructor": "JAMES, SUZANNE"}, "Title": "AFST370A"}