{"DocumentId": "s3://ubc-scraped-courses/AFST/450R.txt", "Attributes": {"_category": "AFST", "courseNumber": "450R", "ubcURI": "https://courses.students.ubc.ca/cs/courseschedule?pname=subjarea&tname=subj-course&dept=AFST&course=450R", "description": "African diasporic culture in Canadian society, fostering dialogue with members of African Canadian communities on cultural values, traditions, memory, adaptation and change.", "credit": "3", "mode_of_delivery": "In-Person", "requires_in_person_attendance": "Yes", "date_buildings": "Term: 2, Days: Tue Thu, Start Time: 12:30, End Time: 14:00, Building: Buchanan, Room: B215\n", "instructor": "MUDZINGWA, CALISTO"}, "Title": "AFST450R"}