{"name":"GetCourseByProfIntent","identifier":"PDCHYKOBTY","description":"Given a professor, return courses taught by them.","parentIntentSignature":null,"sampleUtterances":[{"utterance":"What courses does {ProfLastName}  teach?"},{"utterance":"What courses does {ProfFirstName} {ProfLastName} teach?"},{"utterance":"{ProfLastName} teaches which courses?"},{"utterance":"{ProfFirstName} {ProfLastName}"},{"utterance":"{ProfFirstName} {ProfLastName} classes"}],"intentConfirmationSetting":null,"intentClosingSetting":null,"initialResponseSetting":{"codeHook":{"isActive":true,"enableCodeHookInvocation":true,"postCodeHookSpecification":{"failureResponse":null,"failureNextStep":{"intent":{"name":null,"slots":null},"dialogAction":{"type":"EndConversation","slotToElicit":null,"suppressNextMessage":null},"sessionAttributes":null},"failureConditional":null,"successConditional":null,"timeoutResponse":null,"timeoutNextStep":{"intent":{"name":null,"slots":null},"dialogAction":{"type":"EndConversation","slotToElicit":null,"suppressNextMessage":null},"sessionAttributes":null},"timeoutConditional":null,"successNextStep":{"intent":{"name":null,"slots":null},"dialogAction":{"type":"ElicitSlot","slotToElicit":"ProfLastName","suppressNextMessage":null},"sessionAttributes":null},"successResponse":null},"invocationLabel":null},"conditional":null,"nextStep":{"intent":{"name":null,"slots":null},"dialogAction":{"type":"InvokeDialogCodeHook","slotToElicit":null,"suppressNextMessage":null},"sessionAttributes":null},"initialResponse":null},"inputContexts":null,"outputContexts":null,"kendraConfiguration":null,"dialogCodeHook":null,"fulfillmentCodeHook":{"isActive":true,"postFulfillmentStatusSpecification":{"failureResponse":{"messageGroupsList":[{"message":{"ssmlMessage":null,"customPayload":null,"plainTextMessage":{"value":"Something went wrong"},"imageResponseCard":null},"variations":null}],"allowInterrupt":true},"failureNextStep":{"intent":{"name":null,"slots":null},"dialogAction":{"type":"EndConversation","slotToElicit":null,"suppressNextMessage":null},"sessionAttributes":null},"timeoutResponse":null,"timeoutNextStep":{"intent":{"name":null,"slots":null},"dialogAction":{"type":"EndConversation","slotToElicit":null,"suppressNextMessage":null},"sessionAttributes":null},"successNextStep":{"intent":{"name":null,"slots":null},"dialogAction":{"type":"EndConversation","slotToElicit":null,"suppressNextMessage":null},"sessionAttributes":null},"successResponse":null},"fulfillmentUpdatesSpecification":null,"enabled":true},"slotPriorities":[{"priority":1,"slotName":"ProfLastName"},{"priority":2,"slotName":"ProfFirstName"}]}