{"name":"GetCourseByProfIntent","identifier":"PDCHYKOBTY","description":"Given a professor, return courses taught by them.","parentIntentSignature":null,"sampleUtterances":[{"utterance":"What courses does {ProfLastName}  teach?"},{"utterance":"What courses does {ProfFirstName} {ProfLastName} teach?"},{"utterance":"{ProfLastName} teaches which courses?"},{"utterance":"{ProfFirstName} {ProfLastName} classes"},{"utterance":"Classes taught by {ProfLastName}"},{"utterance":"Courses taught by {ProfFirstName} {ProfLastName}"},{"utterance":"Courses taught by {ProfLastName}"},{"utterance":"Classes taught by {ProfFirstName} {ProfLastName}"}],"intentConfirmationSetting":null,"intentClosingSetting":null,"initialResponseSetting":{"initialResponse":null,"codeHook":{"isActive":true,"postCodeHookSpecification":{"failureResponse":null,"failureNextStep":{"sessionAttributes":null,"dialogAction":{"type":"EndConversation","slotToElicit":null,"suppressNextMessage":null},"intent":{"name":null,"slots":null}},"failureConditional":null,"successNextStep":{"sessionAttributes":null,"dialogAction":{"type":"ElicitSlot","slotToElicit":"ProfLastName","suppressNextMessage":null},"intent":{"name":null,"slots":null}},"successResponse":null,"successConditional":null,"timeoutResponse":null,"timeoutNextStep":{"sessionAttributes":null,"dialogAction":{"type":"EndConversation","slotToElicit":null,"suppressNextMessage":null},"intent":{"name":null,"slots":null}},"timeoutConditional":null},"enableCodeHookInvocation":true,"invocationLabel":null},"conditional":null,"nextStep":{"sessionAttributes":null,"dialogAction":{"type":"InvokeDialogCodeHook","slotToElicit":null,"suppressNextMessage":null},"intent":{"name":null,"slots":null}}},"inputContexts":null,"outputContexts":null,"kendraConfiguration":null,"dialogCodeHook":null,"fulfillmentCodeHook":{"isActive":true,"fulfillmentUpdatesSpecification":null,"postFulfillmentStatusSpecification":{"failureResponse":{"allowInterrupt":true,"messageGroupsList":[{"message":{"imageResponseCard":null,"ssmlMessage":null,"customPayload":null,"plainTextMessage":{"value":"Something went wrong"}},"variations":null}]},"failureNextStep":{"sessionAttributes":null,"dialogAction":{"type":"EndConversation","slotToElicit":null,"suppressNextMessage":null},"intent":{"name":null,"slots":null}},"successNextStep":{"sessionAttributes":null,"dialogAction":{"type":"EndConversation","slotToElicit":null,"suppressNextMessage":null},"intent":{"name":null,"slots":null}},"successResponse":null,"timeoutResponse":null,"timeoutNextStep":{"sessionAttributes":null,"dialogAction":{"type":"EndConversation","slotToElicit":null,"suppressNextMessage":null},"intent":{"name":null,"slots":null}}},"enabled":true},"slotPriorities":[{"priority":1,"slotName":"ProfLastName"},{"priority":2,"slotName":"ProfFirstName"}]}