{"name":"CourseCode","identifier":"IL3HHRL5ZX","description":"Course code such as CPEN400D, FNH200, CPSC 330.","slotTypeValues":[{"synonyms":null,"sampleValue":{"value":"cpen 400d"}},{"synonyms":null,"sampleValue":{"value":"CPEN400D"}},{"synonyms":null,"sampleValue":{"value":"FNH 200"}},{"synonyms":null,"sampleValue":{"value":"ELEC 331"}},{"synonyms":null,"sampleValue":{"value":"cpen400q"}},{"synonyms":null,"sampleValue":{"value":"apsc101"}},{"synonyms":null,"sampleValue":{"value":"biol 112"}},{"synonyms":null,"sampleValue":{"value":"nurs280"}},{"synonyms":null,"sampleValue":{"value":"cpsc330"}},{"synonyms":null,"sampleValue":{"value":"CPSC 320"}},{"synonyms":null,"sampleValue":{"value":"CPSC 112"}}],"parentSlotTypeSignature":null,"valueSelectionSetting":{"resolutionStrategy":"ORIGINAL_VALUE","regexFilter":null}}